:020000040800F2
:10000000585B002065030008196B0008BF620008F8
:10001000AD6A0008692A0008D180000800000000CD
:10002000000000000000000000000000A502000821
:10003000792F00080000000001030008D9730008B0
:100040007F0300087F0300087F0300087F03000888
:100050007F0300087F0300087F0300087F03000878
:100060007F0300087F0300087F0300087F03000868
:100070007F0300087F0300087F0300087F03000858
:10008000BD2E00087F0300087F0300087F030008DF
:10009000F92C00087F0300087F0300087F03000895
:1000A0007F0300087F0300087F0300087F03000828
:1000B0007F0300087F0300087F0300087F03000818
:1000C0007F0300087F0300087F0300087F03000808
:1000D0007F0300087F030008C58000087F03000835
:1000E0007F0300087F0300087F0300087F030008E8
:1000F0007F0300087F0300087F0300087F030008D8
:100100007F0300087F0300087F0300087F030008C7
:100110007F0300087F030008997400087F0300082C
:10012000C92E00087F0300087F0300087F03000832
:100130007F0300087F0300087F0300087F03000897
:100140007F0300087F0300087F0300087F03000887
:100150007F0300087F0300087F0300087F03000877
:100160007F0300087F0300087F0300087F03000867
:100170007F0300087F0300087F03000800000000E1
:100180007F0300087F03000800F002F800F07BF80E
:100190000AA090E8000C82448344AAF10107DA45E2
:1001A00001D100F070F8AFF2090EBAE80F0013F0B9
:1001B000010F18BFFB1A43F00103184700AE0000FF
:1001C00020AE00000A444FF0000C10F8013B13F081
:1001D000070408BF10F8014B1D1108BF10F8015BA0
:1001E000641E05D010F8016B641E01F8016BF9D193
:1001F00013F0080F1EBF10F8014BAD1C0C1B09D1EA
:100200006D1E58BF01F801CBFAD505E014F8016B5B
:1002100001F8016B6D1EF9D59142D6D370470000ED
:100220000023002400250026103A28BF78C1FBD8FF
:10023000520728BF30C148BF0B60704766290AF0DB
:100240000783642900F09081752900F08D81782959
:1002500000F0C681732900F0F086002070471FB5BA
:100260000AF0E9FA01F0A0F90400002000210AF0E8
:1002700069F8401C6060002000210AF04DF8E06041
:100280001FBD10B510BD01F055FC1146FFF7E7FF8B
:1002900008F0B8F901F0A6FE03B4FFF7F2FF03BCC3
:1002A00001F0CAFE2C4B19680868B0E8F04F80F3E3
:1002B0000988BFF36F8F4FF0000080F311887047FB
:1002C0000000000008480068006880F308884FF0CC
:1002D000000080F3148862B661B6BFF34F8FBFF39E
:1002E0006F8F00DF00BF00BF08ED00E0DFF80C00FB
:1002F000016841F470010160704700BF88ED00E0C3
:10030000EFF30980BFF36F8F134B1A681EF0100FC5
:1003100008BF20ED108A20E9F04F106009B44FF0BB
:10032000500080F31188BFF34F8FBFF36F8F09F038
:10033000A1F94FF0000080F3118809BC1968086822
:10034000B0E8F04F1EF0100F08BFB0EC108A80F339
:100350000988BFF36F8F7047E4000020EFF305803A
:10036000704700000948804709480047FEE7FEE75C
:10037000FEE7FEE7FEE7FEE7FEE7FEE7FEE7FEE755
:1003800004480549054A064B704700008974000877
:100390008901000858550020585B0020585700205C
:1003A0005857002053EA020C00F069802DE9F04B09
:1003B0004FF00006002B1FBFB3FA83F503FA05F4D4
:1003C00024FA05F65E4012BF1643B2FA82F502FA2D
:1003D00005F4C5F120051EBF22FA05FC44EA0C0411
:1003E000203556EA044C4FEA144418BF641C4FF001
:1003F00000084FF00009904271EB030C39D300293B
:1004000019BFB1FA81F701FA07F6B0FA80F700FADE
:1004100007F6C7F120071EBF20FA07FC46EA0C06C4
:100420002037B6FBF4FCA7EB0507103F07F01F0BC6
:10043000CBF120060CFA0BFB2CFA06F644BFB346B0
:100440000026202FA4BF5E464FF0000B5BEA060C8F
:1004500008BF4FF0010B19EB0B09ABFB027C48EB1B
:100460000608C01B06FB02CC0BFB03CC71EB0C0196
:10047000C1E70B46024641464846BDE8F08B13B53E
:100480004FF000004FF00001AFF30080BDE81C40CA
:10049000704700000FB41CB50C0007AA009001D0F3
:1004A0002044401E074B7B4469460190069800F0AB
:1004B00092FD002C03D06946002000F09FFD1CBC7B
:1004C0005DF814FB5D0B000070B50446856900689B
:1004D000C10601D5302600E02026C00707D070BD38
:1004E000D4E9012130469047206A401C20626D1EED
:1004F000F6D570BD70B5044685690078C00707D190
:1005000070BDD4E9012120209047206A401C206260
:100510006D1EF6D570BD70B50C460546012A05D096
:100520002878800600D5EA69002302E0012305E06F
:100530005B1C934202D2E05C0028F9D1A869E6185E
:10054000C01AA861286A184428622846FFF7BCFF31
:1005500004E0D5E9012114F8010B9047B442F8D327
:100560002846FFF7C7FF70BD2DE9F041064600247D
:1005700010687529314616A510D0AFF30080002809
:1005800002DA404213A507E031688A0701D512A5B7
:1005900002E0490704D511A5012401E0AFF3008072
:1005A00000210A2206F1240709E0B0FBF2FCB0FBAF
:1005B000F2F302FB1C00303078541846491C002826
:1005C000F3D123462A463046BDE8F04100F096BA02
:1005D000000000002D0000002B00000020000000A3
:1005E00070B504460D4621461068AFF3008021889F
:1005F000090502D50F4A7A4402E00E4A7A440E32C7
:10060000002104F1240305E000F00F060009965DC7
:100610005E54491C0028F7D120780023000704D538
:10062000702D02D009B1022311322046BDE870407E
:1006300000F064BA02A500002DE9F05F8946044687
:100640004FF0000ADFF874B1FB44C0F820A0204648
:10065000E1688847002874D0252806D0D4E9012114
:100660009047206A401C2062F1E700265F46204642
:10067000E16888472028054607DB312D05D2781927
:1006800010F8200C08B10643F1E7B00701D526F0B9
:100690000406C4F81CA00027C4F818A02A2D09D00D
:1006A000284607F026FF38B304EB8708303DC8F82A
:1006B000185019E059F8041B204604EB8702916199
:1006C000E1688847012F054618D1E069002820DA43
:1006D00026F020061DE0D8F8180000EB800005EB9E
:1006E00040003038C8F818002046E16888470546C1
:1006F00007F0FFFE0028EED1012F0AD02E2D08D1E1
:100700002046E16888477F1C0546022F46F02006F8
:10071000C4DBA069002803DA404246F00106A0616C
:10072000F00701D026F010066C2D0BD0682D09D0F3
:100730004C2D39D06A2D35D0742D35D07A2D33D04B
:1007400016E038E0E1682F4620468847B842054663
:1007500009D16C2F26D04FF48060E1680643204613
:100760008847054604E06C2F1AD04FF4807006438A
:100770000DB3A5F14100192802D8203546F40066D2
:100780004A462946204626604E46FFF757FD80B16F
:1007900001280BD0F61D26F0070000F1080956E7E6
:1007A0004020E4E78020D8E70020D6E706F10409DE
:1007B0004DE7284652E7206ABDE8F09FD8A4000024
:1007C0000FB400B58DB010A9099000910B904FF0B7
:1007D000FF300A9000200C900648784406900648A6
:1007E00078446A4607900F9909A800F0ADFE0DB055
:1007F0005DF814FB8B0D0000A30D000010B5431C29
:1008000002E010F8011B71B18107FAD14FF00132FB
:1008100002C88C1A8C4314EAC211F9D0C01A0A0615
:1008200003D0C01E10BDC01A10BD0A0401D0801E26
:1008300010BD0902FCD0401E10BD40EA010370B596
:100840009B072ED14FF00136042A2AD308C810C9BD
:100850009D1B9D43121F15EAC61517D0D8B2E1B2F1
:10086000401A50EA056110D198B2A1B2401A50EA7C
:1008700005410AD123F07F4024F07F41401A50EA1D
:10088000052102D1180EA0EB146070BDA342DBD08D
:1008900018BA21BA884201D9012070BD4FF0FF304B
:1008A00070BD0AB9002070BD10F8013B11F8014B72
:1008B00063B1A3420AD1521E08D010F8013B11F8CF
:1008C000014B1BB1A34201D1521EEDD1181B70BDCB
:1008D000032A40F2308010F0030C00F0158011F86C
:1008E000013BBCF1020F624498BF11F801CB00F844
:1008F000013B38BF11F8013BA2F1040298BF00F898
:1009000001CB38BF00F8013B11F0030300F0258054
:10091000083AC0F0088051F8043B083A51F804CB7B
:10092000A0E80810F5E7121D5CBF51F8043B40F841
:10093000043BAFF30080D20724BF11F8013B11F84C
:1009400001CB48BF11F8012B24BF00F8013B00F890
:1009500001CB48BF00F8012B704710B5203AC0F01A
:100960000B80B1E81850203AA0E81850B1E81850B0
:10097000A0E81850BFF4F5AF5FEA027C24BFB1E8ED
:100980001850A0E8185044BF18C918C0BDE810405E
:100990005FEA827C24BF51F8043B40F8043B08BF67
:1009A0007047D20728BF31F8023B48BF11F8012B2E
:1009B00028BF20F8023B48BF00F8012B704702F027
:1009C000FF0343EA032242EA024200F002B84FF07A
:1009D00000020429C0F0128010F0030C00F01B800C
:1009E000CCF1040CBCF1020F18BF00F8012BA8BF1A
:1009F00020F8022BA1EB0C0100F00DB85FEAC17CDE
:100A000024BF00F8012B00F8012B48BF00F8012B90
:100A100070474FF0000200B51346944696462039C1
:100A200022BFA0E80C50A0E80C50B1F12001BFF4A7
:100A3000F7AF090728BFA0E80C5048BF0CC05DF80D
:100A400004EB890028BF40F8042B08BF704748BF5B
:100A500020F8022B11F0804F18BF00F8012B7047CF
:100A60004FF0013C50F8042B51F8043B9A4221D13D
:100A7000A2EB0C03934313EACC1317D150F8042BC9
:100A800051F8043B9A4215D1A2EB0C03934313EAAD
:100A9000CC130BD150F8042B51F8043B9A4209D1E6
:100AA000A2EB0C03934313EACC13DBD04FF000000E
:100AB000704700BFD01A01BAB1FA81F101F01801F4
:100AC00022FA01F0CB40C1F12001DBB2C0B2C01A62
:100AD0002CFA01F3D11A914311EAC311E6D1704700
:100AE00070477047704710B500F062FD006810BD98
:100AF00010B5044600F05CFD046010BD2DE9F04720
:100B00000D4699469246044600F12408016888067D
:100B100004D5E06921F01001216000E00120A84225
:100B200001DD471B00E00027A1697A1902EB0900EB
:100B3000081AA0612078C00602D42046FFF7C4FC42
:100B4000002608E0D4E901211AF806009047206A3F
:100B5000401C761C20624E45F4DB2078C0060AD586
:100B60002046FFF7B1FC06E0D4E901213020904790
:100B7000206A401C2062381EA7F10107F4DC07E060
:100B8000D4E9012118F805009047206A401C206232
:100B9000281EA5F10105F3DC2046FFF7ABFC207809
:100BA000000602D50220BDE8F0870120FBE7704770
:100BB0002DE9FF4F0C461E464FF0FF378BB0D2E9B0
:100BC0000001DDF860800A908A46C1F30A5505B934
:100BD0003D46002108464FF00000BAF1000F00F436
:100BE000400005DA00EB80004FF4400101EA5000BC
:100BF0004FEA9059B9F1010F00DDB9460A9850EA61
:100C00004A000ED044F61050A5F2FF3545432F148C
:100C1000B8F1000F1ED07542291E1EDDC9F1000279
:100C20001CE0B8F1010F4FF0000001D0302103E0CB
:100C3000F24305E02154401CB042FBDB3046002269
:100C4000002121540B99C1F80880C1E900200FB0A0
:100C5000BDE8F08FBD1B6D1CDEE74A4600DA694235
:100C600006A800F0F1FE06AB93E8070003AB83E8AB
:100C7000070050460A9901F0E6F98DE80700A0F553
:100C800000501F3800900398002D0ADD42F21F012A
:100C90004A460844002303A90390684601F092FCE9
:100CA00009E0A0F500504A461F38002303A903902D
:100CB000684601F0B1FC8DE807000004000C03D089
:100CC0004FF0FF30410800E01046B8F1000F03D0AC
:100CD0000022009215461EE0751E05D400F06CFC43
:100CE000303262556D1EF9D5B3460122084302D059
:100CF00000227F1C04E02078302801D100227F1ED2
:100D0000002A099784D01DE0112D07DA00F054FC69
:100D1000303262556D1C50EA0102F5D1084302D011
:100D20000098C8B10EE00021681E05E0235C625CFB
:100D300063542254401E491C8142F7DBAB46A81B7A
:100D4000401E0990002004F80B000B98099AC0F887
:100D50000880C0E9002B7AE711264FF0000857E71A
:100D60002DE9F04F88460446D21D22F0070191B0CC
:100D7000D1E90001CDE90A0107F0ABF902460B9871
:100D8000C00F01D02D2007E02068810701D52B205E
:100D900002E0202101EAC000032A099001D0072ABD
:100DA00005DB03464146204600F054FC0BE1207869
:100DB000800601D5E06900E00620B8F1650F8146A4
:100DC00006D0B8F1660F18D0B8F1670F70D131E0D6
:100DD0000020B9F1110F009001DB112301E009F1AE
:100DE00001030AAA01A90CA8FFF7E2FEDDE90C70D5
:100DF000002609F10105834647E001204B4600909B
:100E00004FF000470AAA01A90CA8FFF7D1FEDDE9BF
:100E10000DB00C995D46002610B909F101000D18BE
:100E2000B9EB050003D4C0F1FF3609F10105A5EBCC
:100E300009002BE0B9F1010F01DA4FF001090020A0
:100E4000B9F1110F0090484601DD112300E003467F
:100E50000AAA01A90CA8FFF7ABFEDDE90C704D460C
:100E600000268346207800070AD4AB4500DA5D46A9
:100E700001A8012D04DD411911F8011C302907D00A
:100E80004F4502DA17F1040F04DA012082460FE021
:100E90006D1EEEE7002F02DCED1B3E4403E0781CE4
:100EA000A84200DD7D1CB81B00F1010A4FF000478D
:100EB0002078000703D4AA4501DB4FF0FF3A002158
:100EC000B7F1004F0DF143088DF8431024D00220F4
:100ED0002B23002F01DA7F422D230A21021EA0F1CD
:100EE000010000DC5FB197FBF1FC97FBF1F201FB25
:100EF0001C7C17460CF1300C08F801CDEEE7A8F188
:100F0000010003702188090501D5452100E0652114
:100F1000A0F1010800F8011C09980FA9A1EB08072E
:100F2000FF1D00B10120411901EBEA70A1693844AD
:100F3000081A401EA0612078C00602D42046FFF7A0
:100F4000C3FA099828B1D4E901219047206A401CCE
:100F500020622078C00622D52046FFF7B5FA1EE0B1
:100F6000002E04DBB34502DD01A8805D00E03020E7
:100F7000D4E901219047206A401C2062761CAAF126
:100F800001005FEA000A0AD100F00EFBC0680168A8
:100F9000405CD4E901219047206A401C2062281E51
:100FA000A5F10105DCDC07E0D4E9012118F8010B0B
:100FB0009047206A401C2062381EA7F10107F3DC2D
:100FC0002046FFF797FA032011B041E601694A1C59
:100FD00002610878704700B58FB0CDE9013100217A
:100FE000059105497944CDE9031011466846FFF79C
:100FF00023FB0FB000BD0000E5FFFFFF0A6802F809
:10100000010B0A607047D1E900239A4202D2531CB7
:101010000B601070704710B5436913B1AFF30080D7
:1010200001E0FFF778FA012010BD127800F12401E9
:101030000A7000224A700122EDE711684FF0FF327A
:10104000E9E700002DE9FF4F06468BB00878FF283E
:1010500006D0491C2D2805D000244FF0000908E0D7
:1010600000200CE00124F8E709EB8903491C00EBA0
:1010700043090878FF28F7D114B1C9F1000081466F
:10108000107800252C46AA4629462D2801D02B2869
:1010900004D1521C2D2813D0002082468B46107894
:1010A000FF280FD04FF0000C0A21521CA5FB01783D
:1010B00004FB018105FB0C11C5194BEB0104EEE7A4
:1010C0000120EAE7002108464FF00000BAF1000FC6
:1010D00002D000EB80004008C0F38157012F01DDF2
:1010E0004FF0FF370E9955EA040009EB01080BD0C9
:1010F0004FF0020918F5FA7F16DA4FEACA70002F8E
:10110000706008DD012007E04FEACA70C6E900B050
:101110000FB0BDE8F08F0020306000F049FAC0F851
:1011200000901821084616E0B8F5FA7F18DD002F68
:1011300002DAF748784401E0F6487844D0E9001034
:10114000C6E9001040EACA70706000F031FAC0F8D9
:101150000090142108460FB0BDE8F04F09F075BBB0
:10116000002108464FF00000B8F10001099002DAB2
:10117000C7F1000200E03A4601DAC8F1000106A812
:1011800000F062FC06AB93E8070003AB83E80700BE
:1011900044F23E005BEA04010090584604D144F258
:1011A0001E012C465D460091210C0904014306D125
:1011B0000099240444EA15442D041039009104F0E8
:1011C0007F41014306D10099240244EA15642D02AF
:1011D0000839009104F07041014306D100992401BF
:1011E00044EA15742D01091F009104F040410143A8
:1011F00006D10099A40044EA9574AD00891E0091BF
:1012000004F00041084304D100986D196441401E68
:1012100000904FF001033A466846B8F1000FCDE95F
:10122000014503A902DD01F00CFA01E001F0DFF94C
:10123000BAF1000F04460D4601D084F000440021AD
:1012400008464FF00000099940F2FF77484010F03F
:101250000C0F07D124F00040284303D0C4F30A50F8
:10126000B84212D100F0A4F9C0F80090C4F30A50BB
:10127000B8420AD1A8487844D0E90010C6E9001065
:1012800004F000410843706042E7C6E900543FE7BC
:101290002DE9FF4F1F464FF0000A4FF0FF3845463B
:1012A00091B0D7E90146CDF83CA000F07DF9C068C7
:1012B0000168405C1090B96912986D1C8847396AC2
:1012C000814688470028F6D1B9F1FF3F0AD0002EA9
:1012D00024F4D06411DDB9F12B0F08D0B9F12D0F32
:1012E0000BD102E0404615B013E744F48064B969BD
:1012F00012986D1C8847761E8146600504A901D5A9
:101300002D2000E02B20002E01F1010B0DF1300803
:101310008DF810003FDDB9F1690F08D0B9F1490F20
:1013200005D0B9F16E0F02D0B9F14E0F1CD13B467A
:1013300001A8009580E85002DDE912126FF002006A
:1013400009F0ECFAC11CCED10EE0B96912986D1CFF
:10135000884781461398761E44F4007405600F9800
:10136000401C002E0F9016DDB9F1300FEDD0B9F111
:10137000780F02D0B9F1580F0DD10F9801280AD17A
:101380003B46CDE90054DDE91212001F029609F038
:10139000C3FAC11CA7D1109989453ED144F08004FD
:1013A00006E01399681CAAF1010A44F4007408606D
:1013B000B9696D1C1298761E884730288146F0D096
:1013C0002BE01099894505D1200603D4761E44F000
:1013D000800418E0484607F08CF808B3761E0DF13B
:1013E00023018B4544F4007408D2A9F130000BF8B6
:1013F000010B200607D5AAF1010003E0200602D464
:101400000AF101008246A00502D51399681C086004
:10141000B96912986D1C88478146002ED1DC53E0D3
:10142000002E51DDB9F1650F02D0B9F1450F4BD156
:10143000A00549D5B9696D1C1298761E24F4407434
:101440008847002E81460CDD2B2804D0B9F12D0FE2
:1014500007D144F48074B96912986D1C8847761ED0
:101460008146E00501D52D2100E02B2108F8011B64
:10147000CDF8008021E0761E0DF13901884544F455
:1014800000740CD2A9F1300010F0FF0088F80000C1
:1014900002D10099884509D908F1010806E0E00564
:1014A00001D51E4801E042F20F708246B9691298D8
:1014B0006D1C8847814613980560002E04DD484660
:1014C00007F017F80028D6D1F96912988847FF204D
:1014D00053468BF8000088F8000000200A900B901B
:1014E00004AA0CA90AA8FFF7ADFDA00502D46FF06D
:1014F0000100F8E614F0240F12D0E0071CD1386880
:10150000DDE90A12031D3B600068C0E9001213E028
:10151000AC9E00009E9E0000629D0000F1D8FFFF7F
:101520000AA9684606F0D2FFE00705D13868009A9C
:10153000011D3960006802602846D4E60268114443
:101540001378016018467047D160054979445161AC
:1015500004497944116200211161114600F0BAB8C2
:10156000EDFFFFFFED000000426842B1016811F895
:10157000013B23B1521EC0E90012184670470121F9
:10158000C160881E704742685AB1C368016843B998
:1015900083688B4205D0491E521CC0E9001200200E
:1015A00070474FF0FF3070470048704718550020D3
:1015B00000487047F854002030B5B0F10A024FEAF5
:1015C000900E71F100034EEA817EB0EB0E0061EBEC
:1015D00091014FEA101E4EEA017E10EB0E0041EB26
:1015E00011114FEA102E4EEA016E10EB0E0041EB86
:1015F00011214FEA104E4EEA014E10EB0E0041EB66
:101600001141401841F100014FEAD00040EA417019
:101610004FEAD10110EB80054FEA810444EA90744F
:1016200044EB01046D1944EB0404521BA3414FF039
:10163000000348BF0A3200D530BD401C41F1000113
:1016400030BD10B5044600F09BFA0068005D00F064
:10165000010010BD2DE9F0411F4604460326016834
:10166000072A01F4006004DB08B116A505E016A501
:1016700003E008B115A500E015A521F010002060D9
:10168000A069C01EA0610FB1401EA0612046FEF7F8
:101690001BFF4FB1D4E9012138469047206A401C16
:1016A0002062C01C206206E0206AFAE7D4E901212A
:1016B00015F8010B9047761EF8D22046FEF71AFF68
:1016C000BDE8F0814E414E006E616E00494E46000D
:1016D000696E66002DE9F34F4FF0000A0C4656463E
:1016E0008DB001200C9001F10C000B9062690B98F9
:1016F00001219047051E2DD0252D2CD0216A884729
:10170000C0B162690B9801219047216A884700287F
:10171000F7D16269411E0B98904700E0761CA169E1
:101720000D988847216A88470028F7D1E1690D980C
:101730008847DBE7A1690D988847A842074601D191
:10174000761CD3E7E1690D9888477F1C02D1BAF176
:10175000000F6FD06CE162690B9800273D46394657
:1017600090472A2804D162690B98012190470125EE
:10177000DFF8D08262690B9801219047A0F1300117
:101780000A290AD24745E5DC07EB870100EB410750
:10179000303FDFD445F01005ECE7E90601D46FF0E7
:1017A00000476C280AD04C2814D0682815D06A2825
:1017B0000DD074281CD07A281AD01DE062690B98CD
:1017C000012190476C2802D045F0040514E045F053
:1017D00002050DE045F020050AE062690B98012141
:1017E0009047682802D045F0080505E045F40065FB
:1017F00062690B9801219047C4E9015765283DD0E3
:1018000019DC58287AD00CDC452837D004DC252890
:1018100026D041289ED131E046282FD0472899D1A3
:101820002CE05B2877D0612828D063287CD06428FE
:1018300023D15AE0F7E06F2848D008DC66281DD095
:1018400067281BD0692821D06E2816D127E0702880
:1018500045D0732868D0752847D078280DD14DE041
:10186000A1690D988847252805463FF469AFE169CD
:101870000D9888476D1C3FF46AAFD9E00D99234657
:101880006A466FF0010009F045F8C6E045F04000F7
:1018900023464FF000026060A80736D43EE0E80718
:1018A0007FF447AF2068011D21600068290501D53C
:1018B00006701BE7290701D5068017E7A90703D59E
:1018C000F117C0E9006111E706600FE745F040003D
:1018D00023464FF008026060A80716D41EE040F6C9
:1018E0000E0125EA0100606016E045F04000234645
:1018F0004FF00A026060A80707D40FE045F04000EF
:101900006060A80708D5234610220D996FF00100EA
:10191000AFF3008081E007E0102223460D996FF0BD
:101920000100AFF3008078E04FF0000963284F46D4
:10193000C8464B46CB4602D05B2807D039E0207919
:10194000C00601D40120A060012732E06269D4F80A
:101950000CB00B98012190475E2807D14FF0010988
:1019600049466269D4F80CB00B989047216939B99F
:1019700000210A4603AB43F82120491C0829FADB61
:10198000D8B3216949B308F1010862690B980121B4
:1019900090475D28F4D1B9F1000F09D0002003A9C8
:1019A00051F82020D24341F82020401C0828F7DBC2
:1019B00003AB2069002820794FEA40701ED05B46B7
:1019C0002246CDF80080CDE901970D9900286FF0EF
:1019D000010020DAAFF300801FE0C11703AA00EB7B
:1019E000D1614B1121F01F0102EB8302411A1368F0
:1019F0000120884003431360C7E719E00D99224690
:101A000000286FF00100009702DAAFF3008004E0D5
:101A1000AFF3008001E0AFF3008000280ADA401C39
:101A200006D10C9820B14FF0FF300FB0BDE8F08F19
:101A30005046FAE7E90701D10AF1010A06440020FD
:101A40000C9053E6CCCCCC0C2DE9F04781461646E1
:101A50008AB0354878440DC88DE80D003248784486
:101A6000801C03AC0DC884E80D0041F69B3008448F
:101A7000372190FBF1F290FBF1F5A5F1800501FB18
:101A800012041B3C02D56442012000E00020DFF874
:101A900098A080460027FA44AAF1BE0A0EE0E007AB
:101AA0000AD03246684607EB470101230AEB810161
:101AB00000F0B2FD8DE8070064107F1C002CEED111
:101AC000194F7F44AE3F19E0E80715D007EB04102B
:101AD0000DF1180A90E80E008AE80E00C068F04286
:101AE00001D1981908903246012306A903A800F0F5
:101AF00093FD03AB83E807006D10641C002DE3D158
:101B00004FF0010332466946B8F1000F03A802D036
:101B100000F058FD01E000F07FFDC9E90001C9F8BF
:101B200008200AB0BDE8F0879C910000004870478B
:101B3000F85400207546FFF7F9FFAE4605006946E8
:101B4000534620F00700854618B020B5FEF718FC74
:101B5000BDE820404FF000064FF000074FF00008AE
:101B60004FF0000B21F00701AC46ACE8C009ACE82F
:101B7000C009ACE8C009ACE8C0098D467047000058
:101B800010B5FFF711FD001D10BD00BFB9870000A3
:101B90002DE9FF4F1F464FF03C0987B04FF0004240
:101BA000DDE9141001F10108DDF858A002EA405007
:101BB0000390002005908346054604460490B969C9
:101BC000461E08988847AAF1010A0290BAF1000F50
:101BD0003BDD02982E2815D0102100F01FFA0028B6
:101BE0002EDB4FF0010B0599014317D0B9F1000F1F
:101BF0000BDB4A46C11700F0FEF905430C43A9F17F
:101C0000040905E0012004900BE008B145F001054E
:101C100001200590049820B9361D02E0049800B117
:101C2000361FB969089808F101088847BBF1000F11
:101C3000AAF1010A0290C9D00999C1F80080C5E74C
:101C40000298702808D0502806D0F969089888476B
:101C5000BBF1000F14D04FE0002002900120BBF137
:101C6000000F049009D0B969089808F10108884765
:101C7000AAF10109B9F1000F07DCF9690898884752
:101C80006FF001000BB0BDE8F08F2B2804D02D2899
:101C90000CD14FF0FF300490B969089808F10108A1
:101CA0008847A9F10109B9F1000FE6DD411CE4D034
:101CB0000A2100F0B3F90028DFDB029908F10108DE
:101CC00001EB810100EB41000290B9690898884757
:101CD0000A2100F0A3F9099AA9F10109B9F1000F4D
:101CE000C2F8008001DD0028E7DAF9690898884722
:101CF0000499029800FB016655EA040004D004F040
:101D00004041090002D006E0039898E0A40044EAAC
:101D10009574AD00B61E04F00041080002D16D19A3
:101D20006441761E159810F0240F03D04FF00B0974
:101D30005C4803E04FF028096FF07D00824656456D
:101D400007DAAAEB06018944B9F1410F01DD4FF032
:101D5000410901200021A9F1010200F04CF90246DD
:101D600028400B462140084301D0012100E000211A
:101D7000501E029143F1FF3128402140084301D019
:101D8000012000E000200299834651EA0B014FD068
:101D9000002108464FF00000039900F4400039B1DB
:101DA00000EB80004FF4400100EBD07001EA6000CE
:101DB0008015012802DD4FF0FF3000E013D0401CF9
:101DC00036D0029860B3BBF1000F0CD14A46012017
:101DD000002100F010F928402140084301D00120E3
:101DE00000E00020E0B101204A46002100F003F9A4
:101DF000034640190A4661412D1A8C4111D3B9F1AD
:101E0000400F09DD159810F0240F02D0AAF1340616
:101E100003E0AAF1170600E0761C00254FF000440D
:101E200006E05B1E42F1FF3220EA030521EA0204CC
:101E3000CAF10100B04206DA1B4903980843019039
:101E4000002000900EE0039AC4F3D321E80A0A436D
:101E5000164940EA44500A433146CDE9000268463B
:101E600006F03DFB159810F0240F0BD01598C00715
:101E700015D13868DDE90012031D3B600068C0E938
:101E800000120CE002A8694606F020FB1598C00776
:101E900005D13868029A011D396000680260404629
:101EA000F0E6000002FCFFFF0000F07F0000F03FC2
:101EB0002DE9FF4F92461D4685B04FF00041DDE908
:101EC000124BDDE914727F1E01EA4B50414940F08C
:101ED000FF4940EA0108002122F02000492804912E
:101EE00002D04E2828D04CE03BA0012607C88DE840
:101EF0000700A9690698641C88477F1E014606D41E
:101F00001DF8060018B121F0200181420BD0E969CB
:101F100006988847032E34D0082E32D06FF0010087
:101F200009B0BDE8F08F761C032E01D0082EE0D159
:101F3000601CCAF80000DCE7A9690698641C8847A1
:101F40007F1E2AD420F02000412826D1A9690698B6
:101F5000641C88477F1E20D420F020004E281CD10E
:101F6000A9690698641C88477F1E48F4002849F434
:101F70008009CAF8004001D4282806D0E9690698EB
:101F800088475FEACB7012D022E0A9690698641CEA
:101F900088477F1E01D4002803DAE969069888473C
:101FA000BCE72928F1D1641CCAF80040E9E71BF01E
:101FB000240F07D028680499031D2B600068C0E92E
:101FC000001805E02868021D2A600068C0F800902B
:101FD0002046A5E70000F07F494E46494E49545936
:101FE0000000000010B50446AFF300802046BDE8B5
:101FF0001040FEF751B9B2F120030AD5C2F1200317
:1020000001FA02F120FA03F300FA02F041EA0301B7
:10201000704700FA03F14FF0000070473A2800D2F1
:10202000303820F02002412A01D3A2F13700884243
:1020300001D34FF0FF30704701491820ABBEFEE7D7
:102040002600020070475FEA400C08BF91F0000FC5
:102050004FEA8C234FEAC12243EA51514FEA1C5008
:1020600018BF00F5F0404FEA300018BF41F00041C2
:102070005FEA6C5C00F02980BCF1FF3F08BF40F0D4
:1020800080407047130C06BF12044FF0100C4FF045
:10209000000C130E04BF12020CF1080C130F04BF46
:1020A00012010CF1040C930F04BF92000CF1020C0E
:1020B000D30F04BF52000CF1010C11464FF0000287
:1020C000A0F11F00A0EB0C00704711F0004F08BFFB
:1020D000704731F000413FF4D5AF0B0C06BF090447
:1020E0004FF0100C4FF0000C0B0E04BF09020CF166
:1020F000080C0B0F04BF09010CF1040C8B0F04BF7B
:1021000089000CF1020CCB0F04BF49000CF1010C4B
:10211000CCF12003A0EB0C0022FA03F302FA0CF23C
:1021200041EA030100F10100704720F07F4C80EA92
:10213000030023F07F47ACEB070303F57C5300F06B
:10214000004003F1FF032DE980494FEA154B09B424
:102150004FEA144325EA0B4E24EA03480FF2042603
:1021600006EB132749083E785FEA320203FB066755
:10217000C7F5000707FB06F64FEA54374FEAD64685
:1021800006F1020607FB066CCCF1005C4FEA1C4727
:102190002CEA074C07FB06F40CFB06F504EB15468E
:1021A0004FEA961634BF00204FF000404FEAD13777
:1021B00006FB07FC4FEA1C4C0CFB0BF7D21B03FB86
:1021C0000CF761EB07010CFB0EF7B0EB074072EB6D
:1021D00017420CFB08F734BFA2EB0742B2EB0742F1
:1021E00061EB17414FEA0C444FEA910706FB07FCED
:1021F0004FEA1C4C0CFB0BF7B0EBC74072EB5732AD
:1022000003FB0CF734BFA2EBC742B2EBC74261EB52
:1022100057310CFB0EF7B0EBC70072EB57720CFB9B
:1022200008F734BFA2EBC702B2EBC70261EB5771EC
:10223000039F4FEA816141EA921104EBCC044FEA1B
:10224000D1374FEA826206FB07FC42EA90124FEA5E
:1022500080604FEA1C4C0CFB0BF7D21B03FB0CF706
:1022600061EB07010CFB0EF7B0EB074072EB174276
:102270000CFB08F734BFA2EB0742B2EB074261EB5D
:1022800017414FEA8C554FEA910704EB9C2406FB5B
:1022900007FC4FEA1C4C0CFB0BF7B0EBC74072EB92
:1022A000573203FB0CF734BFA2EBC742B2EBC74275
:1022B00061EB57310CFB0EF7B0EBC70072EB5772B6
:1022C0000CFB08F734BFA2EBC702B2EBC70261EB0D
:1022D000577115EB4C254FEA816141EA92114FEAA3
:1022E00082624FEAD13742EA901206FB07FC44F1C2
:1022F00000044FEA80604FEA1C4C0CFB0BF7D21B2A
:1023000003FB0CF761EB07010CFB0EF7B0EB07408A
:1023100072EB17420CFB08F734BFA2EB0742B2EB9B
:10232000074261EB174115EB1C154FEA813141EA79
:1023300092414FEA823242EA90424FEA80304FEABD
:102340000C7644F1000448EA03434EEA0B484FF090
:10235000000EB2EB080C71EB030724BF624639464E
:102360004EEB0E0E4FF0000B0018524149414BEB63
:102370000B0BB2EB080C71EB03077BF1000B24BFD6
:10238000624639464EEB0E0E4FF0000B00185241DC
:1023900049414BEB0B0BB2EB080C71EB03077BF1E4
:1023A000000B24BF624639464EEB0E0E51EA02077F
:1023B00018BF46F0010616EB0E7655F1000254F1F7
:1023C000000103D5BDE88901BDE80088BDE88901A9
:1023D000BDE80048B619524141EB0101A3F10103E8
:1023E000704780807F7E7D7C7B7A79787776767582
:1023F0007473727171706F6E6E6D6C6C6B6A6A69FA
:102400006868676666656464636362616160605F93
:102410005F5E5E5D5D5C5C5B5B5A5A59595858570C
:102420005756565555555454535352525251515074
:1024300050504F4F4F4E4E4D4D4D4C4C4C4B4B4BC7
:102440004A4A4A494949484848474747474646460D
:102450004545454444444443434343424242424148
:102460004141000046EA0646A3F570534FEA16467E
:1024700046EA42564FEAD22242EA415210B54FEAAA
:10248000D121A3F1010300F02FF820F0004000F16A
:10249000020C00F0004701EB00501146BCF5006F44
:1024A00040EA070000D210BDBAF1000F0AD01CB5F7
:1024B00003B44FF004004FF004014FF000000FBCD4
:1024C000BDE810404FF00001BBF1010FB9BF044857
:1024D0004FF0FF310348002140EA070010BD00BF64
:1024E000FFFFEF7F0000F07F002B9C4630D4770089
:1024F0002BD01CB54FEA370703B44FF010004FF054
:102500001001BAF1000F06D0BCF1000FDCBF40F0A3
:10251000080040F008014FF000000FBCBDE810407B
:102520000BF1010BBBF1010F08BF5FEA170722BFD8
:1025300012F1010211F101014FF0004143F10003DA
:1025400000F0004043EA00007047F9D35708D0E795
:1025500046EA064613F1400F4FEA16461FDD13F117
:10256000200FDFBF16430A46002120335B42BED056
:10257000C3F1200746EA064602FA07F74FEA164675
:1025800046EA0706C3F1200722FA03F201FA07F729
:1025900021FA03F14FF0000342EA0702A7E746EAF7
:1025A000020646EA06464FEA164646EA0106BCBF60
:1025B00046EA0646360C4FF000034FF000024FF09B
:1025C000000194E72DE9804C9A46934670B491E857
:1025D000380007C831EA400C48BF34EA430C03D541
:1025E000FFF7A3FDFFF780FFF0BCBDE8008C2DE9ED
:1025F000804C9A46934670B491E8380007C831EA97
:10260000400C48BF34EA430C03D5FFF78EFDFFF7BB
:1026100029FFF0BCBDE8008C2DE9804C9A4693461A
:1026200070B491E8380007C810F0804F08BF13F06D
:10263000804F03D100F01AF8FFF756FFF0BCBDE859
:10264000008C2DE9804C9A46934670B491E838008E
:1026500007C810F0804F08BF13F0804F03D100F07F
:1026600005F8FFF7FFFEF0BCBDE8008C20F07F47C7
:1026700080EA030023F07F4C07EB0C03A3F57C53A7
:1026800000F00040A3F1FE0392F0000F00F0B380D1
:1026900095F0000F00F077802DE901494FEA1140D5
:1026A0004FEA144621EA004800FB06FC24EA0647EC
:1026B00008FB06F607FB08F800FB07F718EB0648CF
:1026C0004CEB164C4FEA124B18EB07484FEA1546F5
:1026D0004CEB174022EA0B4E0BFB06FC25EA0647A3
:1026E0000EFB06F607FB0EFE0BFB07F71EEB064E76
:1026F0004CEB164C4FF000061EEB074E4CEB174B05
:1027000018EB0B0840F1000018EB0E0B58EB00081B
:1027100040F100008F1A4FF000013CBFC943661B17
:1027200014BFB5EB040C00213CBFC943F61B4FEAB4
:1027300017444EEA8E0E27EA04454FEA1C4704FB75
:1027400007622CEA074C05FB07F70CFB05F604FBB8
:102750000CFC16EB074642EB174216EB0C4642EB1D
:102760001C421BEB060658EB0202414146EA9E065C
:1027700001D5BDE80189B619524141EB0101A3F130
:102780000103BDE801894FEA14454FEA114724EAE5
:10279000054621EA074C05FB07F406FB07F70CFB8F
:1027A00006F105FB0CFC11EB074144EB17444FEA23
:1027B000124711EB0C4144EB1C4422EA074C05FB89
:1027C00007F206FB07F70CFB06F605FB0CFC16EB05
:1027D000074642EB174216EB0C4642EB1C456A18C3
:1027E00054F1000148BF7047B619524141EB010155
:1027F000A3F10103704795F0000F37D04FEA114263
:102800004FEA144721EA024624EA074C02FB07F18B
:1028100006FB07F70CFB06F402FB0CFC14EB074469
:1028200041EB17414FEA154714EB0C4441EB1C41B7
:1028300025EA074C02FB07F506FB07F70CFB06F63B
:1028400002FB0CFC16EB074645EB174516EB0C4656
:1028500045EB1C42121951F1000148BF7047B619EF
:10286000524141EB0101A3F1010370474FEA1445C6
:102870004FEA114724EA054621EA074C05FB07F118
:1028800006FB07F70CFB06F24FF0000605FB0CFCFD
:1028900012EB074241EB174112EB0C4251EB1C418A
:1028A00048BF7047921841EB0101A3F10103704743
:1028B00010B50146806B026C12F0500F05D0026C0F
:1028C000D20626D501F0DCF910BD016C41F400718F
:1028D000016401688A6812F0405F17D1027EAAB9CC
:1028E000CA6A12F4700F02D08A6852050ED44A6880
:1028F00022F020024A60016C21F480710164016CB5
:10290000C90403D4016C41F00101016401F0B6F97E
:1029100010BD806BC26CBDE810400846104710B572
:10292000806B40210164416C41F00401416401F07D
:10293000A7F910BD10B5806B01F0A1F910BD000022
:10294000464910B54A6822F440324A604A684368F2
:102950001A434A6001684A6822F480724A6001683A
:102960004A68036942EA03224A6001684A6822F021
:1029700040724A6001684A6883681A434A60016885
:102980008A6822F400628A6001688A68C3681A4310
:102990008A60816A6FF07062D14201688A6822F0B1
:1029A00070628A6001688A680CD0836A1A438A6000
:1029B00001688A6822F040528A6001688A68C36AA6
:1029C0001A4301E022F040528A6001688A6822F0CE
:1029D00002028A6001688A68037E42EA43028A60D2
:1029E00090F82010002901684A680FD042F4006274
:1029F0004A6001684A6822F460424A6001684A6895
:102A0000174C436A04EB43331A4301E022F400629B
:102A10004A600168CA6A22F47002CA620168CA6A1E
:102A2000838B104C04EB03531A43CA6201688A6813
:102A300022F400728A6001688A6890F8303042EAB5
:102A400043228A6001688A6822F480628A60016891
:102A50008A68406942EA8020886010BD00230140F6
:102A600000E0FFFF0000F0FFFEE710B5044600F0B5
:102A70001FF8204601F090FFBDE8104000F010B8AC
:102A80006420FFF7F2BF000001221146014802F066
:102A900042B90000000C02403220FFF7E6BF000000
:102AA00001221146014802F036B90000000C024034
:102AB00000220121014802F02EB90000000C024062
:102AC0006420FFF7D2BFC820FFF7CFBF30B504782E
:102AD0000123424A4249B3B0062C77D2DFE804F022
:102AE0007603090F38423F480370642310223EA149
:102AF00033E04248037064230F2241A12DE0B0F877
:102B00000100B2EE041A40BA00EE100A404BF8EE93
:102B1000400A80EE810A10EE100A81ED010A984207
:102B200003DD9FED3C0A81ED010A10EE100A906072
:102B300007F010FECDE9000137A2802102A8FDF7C1
:102B4000A9FC02A8FDF75AFE82B2642302A904E0A0
:102B5000394803706423102238A13D4803F05EFB1E
:102B600033B030BDB3EE040A82ED000A9FED390A9E
:102B700082ED010A4868906007F0ECFDCDE90001A4
:102B800035A2802102A8FDF785FC02A8FDF736FEDC
:102B900082B2642302A92E4803F040FB0F4800F0E4
:102BA0005DFD78B101F056FF034633A2402122A813
:102BB000FDF770FC22A8FDF721FE82B2642322A952
:102BC000CBE703E06423122235A1C6E7234639A2EE
:102BD000802102A8FDF75EFCB3E700005009002049
:102BE000000000208000002043414E20434D443A25
:102BF0002053544152540D0A00000000810000206F
:102C000043414E20434D443A2053544F500D0A0047
:102C1000000096430000964343414E20434D443A02
:102C2000205345545F535045454420252E3166209E
:102C300052504D0D0A0000008200002043414E20FA
:102C4000434D443A20434C4541520D0A00000000D8
:102C5000140B00209A99993E43414E20434D443A2B
:102C60002053415645205441524745543D252E316D
:102C7000662052504D0D0A0043414E20434D443AC8
:102C80002053415645204641494C45442C2045524D
:102C9000524F523D30782530386C580D0A000000F4
:102CA00043414E20434D443A2053415645204F4B1B
:102CB0000D0A000043414E20434D443A20554E4BEF
:102CC0004E4F574E203078253032580D0A00000004
:102CD00010B58AB040F2011405E00098A04202D17C
:102CE00007A8FFF7F3FE07A9684600F00BF80028D5
:102CF000F3D10AB010BD0000014801F062BA000033
:102D0000080A002070B5124C0D4661782278914275
:102D100001D1002070BD61780E4E01EBC10106EBC0
:102D200081011C22FDF719FE0020617801EBC10131
:102D300006EB81010144097F2954401CC0B20828D8
:102D4000F3D36078401C00F007006070012070BD74
:102D50005C000020240200202DE9F041144C0F46B5
:102D60002178491C01F0070561788D4205D1A068E2
:102D7000401CA0600020BDE8F08121780D4E01EBE1
:102D8000C10106EB810301461C221846FDF7E5FD53
:102D900000202278395C02EBC20206EB8202024478
:102DA000401CC0B211770828F3D325700120E2E758
:102DB0005C0000202402002070B5274BF2EE040ACC
:102DC0008AB093ED000A40F20125082620EE200A81
:102DD000BCEEC00A10EE101A93ED010A20EE200A94
:102DE000DFED1E0ABCEEC00A10EE100A93ED030AD6
:102DF00020EE200ABCEEC00A10EE102A93ED050A60
:102E00000095002501950295CDE903568DF81450E3
:102E10000D0A8DF818508DF81910010A8DF81A1046
:102E2000BCEEC00A8DF81B00100A8DF81C0010EED5
:102E3000104A8DF81D208DF81E40187E8DF81F0059
:102E400008AB06AA6946064801F052F8002801D0EE
:102E500000F0BCF90AB070BD000000200000C842BC
:102E6000080A002000B58BB000200121CDE9060141
:102E70000590009001900290039004900E20CDE9FF
:102E8000081069460C4801F09BF808B100F09EF963
:102E9000094801F081FB08B100F098F902210648C9
:102EA00001F014F8002804D00BB05DF804EB00F03A
:102EB0008DB90BB000BD0000080A0020014801F0E8
:102EC000F9BB00005C0B0020014801F0F3BB0000DF
:102ED000A809002001681823CAB2103AB2FBF3F225
:102EE000054B6FF30901032A9B5CC36500D9091DDB
:102EF0008165084670470000DCAA000810B501464D
:102F000000208B698A6A4FF0C07453B1B3F5005F3B
:102F100015D072B1012A0CD0022A0AD0032A09D195
:102F200004E01AB1012A06D0022A03D1C96AC901F4
:102F300000D5012010BDC96AA142FAD010BD002AF7
:102F4000F7D0012AF2D0022AF3D0032AF3D010BD21
:102F500030B50468256825F4802525600468636021
:102F60008368402B036803D099600068C26030BD5D
:102F70009A600068C16030BD7047000010B503F072
:102F80004FFE03F021FE0021084603F043FE03A09C
:102F900003F0A2FEBDE8104003F04CBF4D4F544F6C
:102FA0005220434F4E54524F4C00000010B588B091
:102FB00003F00AFE0021084603F02CFE3BA003F0BC
:102FC0008BFE3E4C206807F0C5FBCDE900013CA21A
:102FD000182102A8FDF75EFA0821002003F01AFE6E
:102FE00002A803F079FE606807F0B4FBCDE90001A8
:102FF00036A2182102A8FDF74DFA1021002003F097
:1030000009FE02A803F068FEE06807F0A3FBCDE923
:10301000000131A2182102A8FDF73CFA1821002076
:1030200003F0F8FD02A803F057FE206907F092FBB9
:10303000CDE900012BA2182102A8FDF72BFA2021CF
:10304000002003F0E7FD02A803F046FE606907F0E8
:1030500081FBCDE9000125A2182102A8FDF71AFA8B
:103060002821002003F0D6FD02A803F035FE638975
:1030700021A2182102A8FDF70DFA3021002003F04B
:10308000C9FD02A803F028FE237E1DA2182102A874
:10309000FDF700FA3021502003F0BCFD02A803F038
:1030A0001BFE03F0C7FE08B010BD00004D4F544F8B
:1030B0005220434F4E54524F4C000000000000205D
:1030C00052504D3A20252E31660000005447543AA4
:1030D00020252E31660000004355523A20252E331C
:1030E00066000000563A20252E32660054454D50A9
:1030F0003A20252E3166000050574D3A20256400B5
:10310000464C543A2025640009480068416A094841
:103110009FED090A418081800021C18080ED020A73
:1031200080ED030A0170054880ED000A7047000039
:10313000CC0A00206C0000200000000000000020ED
:103140001A480068416A1A48DFED1A0A9FED1A1AF8
:10315000818042888A1A12B200EE102AC280418011
:10316000B8EEC00A20EE200AC0EE010A9FED131A45
:1031700080EE810A80ED020A017889B1D0ED030A60
:103180009FED0F1A60EE810A9FED0E1A40EE010AC4
:10319000C0ED030A90ED030A0B4880ED000A70476A
:1031A00080ED030A01210170F4E70000CC0A002041
:1031B0006C0000200000704200008244CDCCCC3D69
:1031C0003333333F9A99993E0000002072B6FEE7F0
:1031D000002229B101291AD002291BD04FF44072D4
:1031E0000E490B6823F440730B600B6813430B60AC
:1031F0000A6822F0F8020A600A68022303EBC000A2
:1032000002430A60086840F48030086070474FF459
:103210008072E5E74FF40072E2E70000103C0240E4
:103220001348016889050FD5016821F40071016018
:10323000016841F400610160016821F400610160EE
:10324000016841F400710160016849050FD501680A
:1032500021F480610160016841F4805101600168DE
:1032600021F480510160016841F480610160704780
:10327000003C024008490A6822F440720A600A6869
:1032800042F004020A600A684FF4803343EA0020E7
:1032900002430A6070470000103C0240064A13686F
:1032A00023F44073136013681360136843F0010341
:1032B0001360017070470000103C0240094910B5CE
:1032C0000C6824F440740C600C6844F440740C6086
:1032D0000C6844F001040C600260BFF36F8F436020
:1032E00010BD0000103C0240074A136823F44073ED
:1032F0001360136843F480731360136843F0010391
:103300001360018070470000103C0240074A1368B8
:1033100023F440731360136843F40073136013685D
:1033200043F001031360016070470000103C02404D
:1033300017490868C206174805D5C26942F010024D
:10334000C26110220A600A68920605D5C26942F07D
:103350000802C26120220A600A68520605D5C269C5
:1033600042F00402C26140220A600A68120605D5D2
:10337000C26942F00202C26180220A600A689207B2
:1033800005D5C26942F02002C26102200860704780
:103390000C3C0240040C002070B51149044600208A
:1033A000C86101F0BDFC06460E4D09E0601C07D067
:1033B00024B101F0B5FC801BA04201D9032070BDEF
:1033C0002868C003F2D42868C00701D00120286013
:1033D000286810F0F200F2D0FFF7AAFF012070BDBC
:1033E000040C00200C3C0240084A10B5084900209B
:1033F0001076087048708870C8700871086148714C
:103400001072508103F07EFB012010BD00000020EF
:103410001C00002070B5094C00256561A571257060
:103420006570A570A56001F07BFCE060044805763E
:10343000E57025712561657170BD00001C000020DC
:10344000000000202DE9F0412DED028B01F068FC19
:10345000564CE168401AB0F57A7F17D3544D0026D8
:1034600001272A7E012A17D16079A8B101F058FC02
:103470002169401A40F6B831884207D36671207935
:10348000032807D2401C20712E762F72BDEC028BD0
:10349000BDE8F08107204AE0D5E90310D5ED008AA8
:1034A00095ED018A6B89D5F814C0072AEED0414A00
:1034B000944509DB2278032A04D2521CD2B222702E
:1034C000032A02D3022032E026703B4A904201DAFE
:1034D00004202CE0B0F1824F01DD052027E03748C1
:1034E000814209DB6078032804D2401CC0B26070BE
:1034F000032802D303201AE06670287A20B318EE5E
:10350000100ADFF8BC8040451ADB40F634008342E5
:1035100016D318EE900A2B49884211DAA0780528B4
:1035200004D2401CC0B2A07005280AD30620287619
:103530002E726E81BDEC028BBDE8F04103F0E2BA61
:10354000A670A07920B108E0A670E670A6719DE78C
:10355000A77101F0E5FB6061E67001F0E1FB6169D4
:10356000401A40F2DC51884290D318EE100A4045D0
:1035700019DB38EE680A1449B0EEC00A10EE100AE2
:10358000884210DBE078032804D2401CC0B2E0700F
:103590000328DCD32F762E726E8103F0B3FA01F08C
:1035A000BFFB20616771E67070E700001C0000201F
:1035B0000000002000008C420000D0409A99193E83
:1035C000000048420000A0410000F04130B5034631
:1035D0000A4C4FF0FF300022995C48400021C5079B
:1035E00002D084EA500000E04008491CC9B2082912
:1035F000F5D3521C0C2AEFD330BD00002083B8ED68
:1036000010B50446124890ED000A84ED000A90EDD2
:10361000010A84ED010A90ED020A84ED020AC068F5
:10362000E0602046FFF7D2FFE16881420FD0B3EEA1
:10363000040A84ED000A9FED070A204684ED010A82
:103640009FED050A84ED020AFFF7C0FFE06010BDA0
:1036500000000E089A99993E0000A042F0B5A5B06E
:10366000002605464D4C1F96FFF7B0FFE86001F0BD
:103670003FFA4B49F32008600B201C9001201D905D
:1036800002201E901A961FA91AA801F097F980B17E
:1036900001F0E0F903461F98009042A2642101A8BE
:1036A000FCF7F8FE01A8FDF7A9F882B2642301A98E
:1036B0000EE0D5E90027D5E9026500232146022066
:1036C00001F0D8F950B101F0C5F9034642A22BE050
:1036D0004B4802F0A3FD01F0C3F954E02F493A46EC
:1036E0000023091D022001F0C5F920B101F0B2F953
:1036F000034644A218E0294932460023083102203B
:1037000001F0B8F920B101F0A5F9034647A20BE09A
:1037100022492A4600230C31022001F0ABF970B196
:1037200001F098F903464BA264216846FCF7B2FE0B
:103730006846FDF763F882B264236946C8E701F082
:103740008FF994ED000A8DED200A94ED010A8DEDBC
:10375000210A94ED020A8DED220AE068239020A848
:10376000FFF734FF2399884210D044A264216846B1
:10377000FCF790FE6846FDF741F882B26423694683
:103780001F4802F04BFD012025B0F0BD642311223B
:1037900043A11B4802F042FD0020F5E700000E089F
:1037A0000C3C0240464C4153482045524153452071
:1037B0004641494C45443A204552524F523D30789B
:1037C0002530386C5820534543544F523D307825AE
:1037D00030386C580D0A0000464C4153482057526F
:1037E00049544531204641494C45443A20455252BE
:1037F0004F523D30782530386C580D0A00000000DB
:10380000140B0020464C415348205752495445322E
:10381000204641494C45443A204552524F523D3092
:10382000782530386C580D0A00000000464C415392
:103830004820575249544533204641494C45443A63
:10384000204552524F523D30782530386C580D0A81
:1038500000000000464C415348205752495445341B
:10386000204641494C45443A204552524F523D3042
:10387000782530386C580D0A00000000464C415342
:103880004820564552494659204641494C45443AFC
:1038900020435243204552524F520D0A000000006F
:1038A000464C41534820564552494659204F4B0DEE
:1038B0000A0000002DE9F04FADF5417D00263246AB
:1038C000102102A805F02AFC474904460023087885
:1038D000DFF81891002802AF09F1400A184614D009
:1038E0004D4656460CE000BF00EBC00257F822C020
:1038F00007EB820245F820C0926946F82020401C60
:10390000A042F1D30B703A4867E00DF5137B1EE03F
:1039100000EBC00E4BF8203057F82E505A460021CD
:103920004FEA090C5CF82180A8450AD107EB8E0507
:103930005AF82110D5F818C0ACEB010142F820105C
:1039400003E0491C1029EDD319460E44401CA04247
:10395000DED3284804F088F9002526E09FED260AEA
:103960007EB15BF8250000EE100AF8EE400A00EE8A
:10397000106AB8EE401A80EE810ADFED200A20EED0
:10398000200A10EE100A06F0E5FECDE9000105EB75
:10399000C50007EB80001AA2436880219DA8FCF7B0
:1039A00079FD9DA804F060F96D1CA542D6D318A03E
:1039B00004F05AF90020494652460BE000EBC003E0
:1039C00057F8235007EB830341F820509B6942F8D6
:1039D0002030401CA042F1D3154804F045F90DF504
:1039E000417DBDE8F08F000090000020840700209A
:1039F00088AE00085CAD0008000000000000C8426E
:103A0000252D3230732025362E326625250D0A00ED
:103A10002D2D2D2D2D2D2D2D2D2D2D2D2D2D2D2DD6
:103A20002D2D2D2D2D2D2D2D2D2D0D0A00000000BD
:103A300044AE0008F0B5ADF2745D4FF4B4710DF210
:103A40000C40FCF7E6FF002210210DF20C4005F0BF
:103A500065FB05464FF480671C4A394603A8FCF70E
:103A600019FD03A804F000F900240DF20C4625E02E
:103A700004EBC40006EB8001087B05280ED2DFE8CA
:103A800000F0030507090B0011A008E011A006E0F3
:103A900012A004E013A002E014A000E014A00B693F
:103AA0000A8CCDE9000302924B6812A2394603A8A2
:103AB000FCF7F0FC03A804F0D7F8641CAC42D7D3A1
:103AC00012A004F0D1F80DF2745DF0BDB8AD00089D
:103AD00052554E005245414459000000424C4F435C
:103AE0004B000000535553500000000044454C006B
:103AF0003F000000252D32307320252D3573202501
:103B00002D396C7520256C750D0A00003D3D3D3D3D
:103B10003D3D3D3D3D3D3D3D3D3D3D3D3D3D3D3DD5
:103B20003D3D3D3D3D3D3D3D3D3D3D3D3D0D0A0065
:103B300078B50024009490F83C20012A19D0012285
:103B400080F83C200A6807230568092A13D9EE6823
:103B50000A3A02EB420293409E43EE600B788A6879
:103B60000A3B03EB43039A400368DD682A43DA60AB
:103B700010E0022078BD2E6902EB420293409E4382
:103B80002E610B788A6803EB43039A4003681D6932
:103B90002A431A614A681F23072A13D205686E6BED
:103BA000521E02EB820293409E436E630B790A8899
:103BB0005B1E92B203EB83039A4003685D6B2A435A
:103BC0005A6327E005680D2A12D22E6BD21F02EB32
:103BD000820293409E432E630B790A88DB1F92B2C8
:103BE00003EB83039A4003681D6B2A431A6311E0B9
:103BF000EE6A0D3A02EB820293409E43EE620B792D
:103C00000A880D3B92B203EB83039A400368DD6A96
:103C10002A43DA62164B0568144A9D4206D10D68A4
:103C2000122D03D1556845F48005556005689D4205
:103C300018D10B68102B01D0112B13D1536843F40A
:103C400000035360096810290CD10A490A4A09681F
:103C5000B1FBF2F101EB8101490000E0491E009146
:103C60000029FBD180F83C40002078BD00230140B2
:103C700000200140E000002040420F0070477047E4
:103C8000704770B504004FF0000503D0206C00268B
:103C900010B107E0012070BD204600F01DF86664F9
:103CA00084F83C60206CC00610D4206C20F488504E
:103CB00040F0020020642046FEF742FE6664206C5D
:103CC00020F0020040F00100206400E0012584F8AB
:103CD0003C60284670BD0000F0B587B00646142150
:103CE0006846FCF796FE1F493068884238D11E4866
:103CF0000025016841F480710160006800F4807063
:103D0000059019481438016841F00101016000680C
:103D1000032700F0010005901320CDE90007694654
:103D20000295124800F0FAFE124C1148C4E9000551
:103D30000015A560C4E90350400060618000A061E7
:103D40004011C4E9070504206062C4E90A752046F1
:103D5000256300F07FFD08B1FFF738FAB463A6636E
:103D600007B0F0BD0020014044380240000002408E
:103D700010640240A8090020F8B5044600200E4651
:103D8000009094F83C10012907D0012184F83C10E0
:103D900021688B68DB0702D011E00220F8BD8B6838
:103DA00043F001038B604049404B0968B1FBF3F1DC
:103DB00001EB410100E0491E00910029FBD121687F
:103DC0008B68DB0503D58B6823F480738B602168D7
:103DD0008B68DB075DD0236C40F20165AB4343F495
:103DE000807323644968490505D5216C21F400518D
:103DF00041F480512164216CC90404D5616C21F027
:103E00000601616400E0606484F83C00A16B29480D
:103E1000274DC863A16B28480864A16B2748C86474
:103E200021686FF0220008602068416841F08061DD
:103E300041602068816841F4807181602168134687
:103E400032464C31A06B00F06FFD68681C49C0061B
:103E5000206806D0884224D1816811F0405F13D0D9
:103E60001FE08842F8D0174A904203D1D1F80423CA
:103E7000D206F1D0144A904213D1D1F8041301F0C4
:103E80001F011029E8D30CE0816841F08041816076
:103E900007E0206C40F010002064606C40F00100EE
:103EA00060640020F8BD0000E000002040420F00E8
:103EB00000230140B1280008352900081F29000807
:103EC00000200140002101400022014090F8202004
:103ED000012A07D0022A05D0416A41F480214162BB
:103EE00001207047006842690A4342610020704720
:103EF000F0B590F820500468A468012D05D0022D7B
:103F000003D0416A41F4802157E014F0406F01D1A1
:103F1000E5004FD5C4F301640125A5401D608D68FF
:103F20004FF4C0739DB1CE6835434E6845EAC6056F
:103F3000066803EB0417F5514FF4C275076805EBEB
:103F400004150E697E51097D012905D009E00E880E
:103F5000CD6845EA4655EBE701684E5946F4807650
:103F60004E511179D579567941EA056195792D043B
:103F700045EA062529434FF4C676056806EB041684
:103F8000A9511178D57841EA0561957852782D04C8
:103F900045EA022211434FF4C475026805EB04158B
:103FA0005151006803EB0411425842F001024250A3
:103FB0000020F0BD416A41F4001141620120F0BDD2
:103FC00010B590F82020012A07D0022A05D0416AB6
:103FD00041F480214162012010BD3B48D0F800220D
:103FE00042F00102C0F80022D0F8002222F47C52F4
:103FF000C0F80022D0F800224B6A42EA0322C0F83F
:1040000000220A7D02F01F0301229A40D0F81C32E0
:104010009343C0F81C32CB69B3B9D0F80C32934348
:10402000C0F80C328C894B6864F31F434C6900EB79
:10403000C404C4F840320C890B6864F31F434C6914
:1040400000EBC404C4F84432CB69012B16D1D0F87C
:104050000C321343C0F80C320C884B6864F31F43D6
:104060004C6900EBC404C4F840320C89CB6864F39B
:104070001F434C6900EBC404C4F844328B69002B25
:10408000D0F804320ED01343C0F804320B69002B71
:10409000D0F8143208D01343C0F81432096A012949
:1040A00004D008E09343EFE79343F5E7D0F81C1200
:1040B0001143C0F81C12D0F8001221F00101C0F821
:1040C0000012002010BD000000640040704770B571
:1040D00090F82040012C05D0022C03D0416A41F415
:1040E000802128E0046809B32469A40720D04FF494
:1040F000D874056804EB01142D5915F0040595607A
:1041000005682D591AD0ED08556005682C5904F042
:104110000204D4604FF4DA74056804EB01142E59DC
:1041200006F00F06082E0CD308250DE0E468DCE746
:10413000416A41F400114162012070BD6D0D1560AE
:10414000E3E72D5905F00F05156105682D59C5F3F5
:104150000725956105682C59240C54614FF4DC72D5
:10416000046802EB0112A4581C700468A458240AC5
:104170005C700468A458240C9C700468A258120E49
:10418000DA704FF4DE72046802EB0112A4581C715D
:104190000468A458240A5C710468A458240C9C7117
:1041A0000468A258120EDA71006829B1016941F061
:1041B00020010161002070BDC16841F02001C16093
:1041C000F8E72DE9F05F0546006800244669D0F85D
:1041D00004908768D0F80CB0D0F810A0D0F8188000
:1041E000F10748D0F90714D001218160B80703D541
:1041F000284600F0FEF90CE0780702D54FF4006481
:1042000007E0380702D54FF4805402E0284600F05A
:10421000EFF9F80516D529684FF480708860B80565
:1042200003D5284600F0E7F90CE0780502D544F400
:10423000005407E0380502D544F4804402E02846E3
:1042400000F0D8F9F80316D529684FF4803088605B
:10425000B80303D5284600F0D0F90CE0780302D566
:1042600044F4004407E0380302D544F4803402E00B
:10427000284600F0C1F9300707D55FEACB6004D5C6
:104280002968102044F40074C86070074FF00807D4
:1042900007D55FEA0B7004D52868C760284600F090
:1042A00059F9B00706D52868C068800702D02846AB
:1042B00000F052F9700607D55FEACA6004D5296894
:1042C000102044F480640861B00607D55FEA0A70E4
:1042D00004D528680761284600F05AF9F00606D58B
:1042E00028680069800702D0284600F052F9B00320
:1042F00008D55FEAC96005D52968102048602846BE
:1043000000F048F9F00307D55FEA097004D5286882
:104310004760284600F072F9300446D55FEA4970DC
:1043200040D5F00504D55FEAC87001D044F001041F
:10433000B00504D55FEA887001D544F00204700529
:1043400004D55FEA487001D544F00404300529D54E
:1043500018F0700F26D008F07000402815D006DC49
:10436000102809D020280AD0302816D10AE0502879
:104370000ED0602811D10EE044F008040DE044F0A6
:1043800010040AE044F0200407E044F0400404E094
:1043900044F0800401E044F480742868816921F0CD
:1043A00070018161296804204860002C05D0686A8A
:1043B000204368622846FFF789FEBDE8F09F70B58C
:1043C000040003D094F8200010B104E0012070BD77
:1043D000204600F081F82068016841F00101016089
:1043E00000F09EFC0546052604E000F099FC401B09
:1043F0000A2811D820684068C007F6D020680168F4
:1044000021F00201016000F08BFC05460BE000F09A
:1044100087FC401B0A2806D9606A40F400306062BD
:1044200084F82060D2E7206840688007EFD4207EBF
:104430000128206801683DD021F080010160607E84
:1044400001282068016838D021F040010160A07E79
:1044500001282068016833D021F020010160E07E4E
:104460000128206801682ED041F010010160207FF2
:1044700001282068016829D021F008010160607FCF
:1044800001282068016824D021F004010160D4E9EA
:1044900002010843D4E90412114308436168491E2C
:1044A00008432168C86100206062012084F8200070
:1044B000002070BD41F08001C0E741F04001C5E738
:1044C00041F02001CAE721F01001CFE741F00801D7
:1044D000D4E741F00401D9E710B586B004461421B1
:1044E0006846FCF796FA18492068884229D117488F
:1044F0000021026842F000720260006800F0007063
:10450000059012481038026842F00202026000680A
:1045100000F0020005904FF4407000900220CDE9B9
:10452000010103200390092004906946084800F027
:10453000F5FA00220521142000F01EFE142000F0E0
:104540000DFE06B010BD000000640040403802407F
:10455000000402407047000000B50B4A016889B0B2
:1045600091420ED107AB6A460021FFF7B0FD00284B
:1045700007D106484168491C416007A96846FEF713
:10458000EBFB09B000BD0000006400405C000020AF
:10459000704770477047000070B5044690F82000DF
:1045A000012804D0606A40F40020606218E0022014
:1045B00084F820002068016821F00101016000F00A
:1045C000AFFB05460EE000BF00F0AAFB401B0A2827
:1045D00008D9606A40F400306062052084F8200049
:1045E000012070BD20684068C007EDD1606270BDD9
:1045F00070477047704770477047704770472DE9A4
:10460000F0410446876D00F08BFB064694F83500B8
:104610000025022806D08020606584F834500120EF
:10462000BDE8F0812068016821F016010160206872
:10463000416921F080014161206C08B9A06C20B172
:104640002068016821F0080101602068016821F0FC
:10465000010101600CE000F063FB801B052807D915
:1046600020206065032084F8350084F83450D7E7B3
:1046700020680068C007EED194F85C103F208840A5
:10468000B860012084F8350084F834500020C7E772
:1046900090F83510022903D0802141650120704730
:1046A000052180F835100068016821F001010160E2
:1046B000002070472DE9F84304464FF00009CDF87B
:1046C000009063484FF41651A56D0068B0FBF1F7F8
:1046D0002E6894F85C10082000FA01F131420FD0E6
:1046E00021680A6852070BD50A6822F004020A60A2
:1046F00094F85C108840A860606D40F0010060652F
:1047000094F85C104FF0010808FA01F0304208D02C
:1047100021684969090604D5A860606D40F002006F
:10472000606594F85C1004208840304208D021680D
:104730000968890704D5A860606D40F004006065D1
:1047400094F85C1010208840304218D02168096825
:10475000090714D5A86020680168490304D50068DA
:10476000000308D5A16C07E00168C90503D40168FE
:1047700021F008010160216C09B12046884794F8B6
:104780005C1020208840304231D021680968C90679
:104790002DD5A86094F8350005282068016806D05A
:1047A000490347D5006800031DD4616C1CE021F06B
:1047B000160101602068416921F080014161206C8F
:1047C00008B9A06C20B12068016821F008010160DF
:1047D00094F85C103F208840A86084F8358084F805
:1047E0003490216D1FE0E16B09B120468847606D70
:1047F00000282BD0606DC00714D0052084F8350048
:104800002068016821F0010101600098401C0090BF
:10481000B84203D820680068C007F6D184F8358014
:1048200084F83490E16C002910D001B02046BDE836
:10483000F04308470168C905D5D4016821F010018B
:10484000016084F8358084F83490CCE7BDE8F883C3
:10485000E00000202DE9F041044600F061FA064630
:104860005CB1022084F83500002584F834502068BB
:10487000016821F0010101600DE00120BDE8F08137
:1048800000F04EFA801B052805D920206065032022
:1048900084F83500F2E720680068C007F0D122688C
:1048A000116820480140D4E901031843D4E90336D4
:1048B0003343184363691843A3691843E3691843F2
:1048C000236A18430843616A042903D1D4E90B130E
:1048D00019430843106020684069666A20F00701A8
:1048E00030460E43012704280CD1A06A0643E06A33
:1048F00040B12046FEF702FB20B14020606584F8FD
:104900003570BAE7206846612046FEF7E3FA94F86E
:104910005C203F2191408160656584F835700020FE
:10492000ACE700003F8010F02DE9F0410446866DB1
:1049300090F83400002501280DD0012084F83400BF
:1049400094F835700020012F07D084F83400022538
:104950002846BDE8F0810220FBE7022784F8357085
:1049600060652046FEF7F4FA94F85C103F2088401A
:10497000B0602068016841F016010160206C20B130
:104980002068016841F0080101602068016841F079
:1049900001010160DCE7000070B5044600F0C0F9D9
:1049A0000546601C02D004480078044400F0B8F9C1
:1049B000401BA042FAD370BDD40000202DE9F0477F
:1049C000044622480F46017E01290AD00121804673
:1049D00001764CF250394846FEF7DEFC020003D067
:1049E0002FE00220BDE8F0874FF0FF3038602068EC
:1049F000174D012801D0A6681CE0207C6168FEF7F5
:104A000039FC4846FEF7C8FC0246286820F004003E
:104A1000286014E0217C3046FEF7DAFB4846FEF7BA
:104A2000BBFC0200286820F0FA00286001D03E603C
:104A300005E0761CD4E902100844B042EAD8FEF73B
:104A4000EFFB002188F818101046CBE7040C00207B
:104A5000103C02400148C06970470000040C00206F
:104A60000348016841F000410160002070470000E8
:104A7000103C02402DE9F0471B4E05461446307E9F
:104A80001F468946012808D0012030764CF2503864
:104A90004046FEF781FC18B114E00220BDE8F08723
:104AA0009DB1012D16D0022D19D022463B46484615
:104AB000FEF704FC4046FEF76FFC0C490A6822F042
:104AC00001020A6000213176E8E7E1B24846FEF7CC
:104AD000E5FBEFE7A1B24846FEF706FCEAE7214610
:104AE0004846FEF713FCE5E7040C0020103C0240AA
:104AF000074900200A68002A09DA054A054B0C3AE2
:104B00001360054B13600968002900DA0120704723
:104B1000103C024023016745AB89EFCD2DE9F84FEA
:104B2000DFF8BCA10022012503264FF00F090AF18E
:104B3000040BAAF1040E00BF0B6805FA02F423402F
:104B4000A34270D10F7907F00307012F01D0022F84
:104B500016D187684FEA420806FA08FC27EA0C07D4
:104B6000D1F80CC00CFA08FC4CEA070CC0F808C0DD
:104B70004768A7430C79C4F3001494403C43446055
:104B80000C79E443A4070AD0C4684FEA420C06FA41
:104B90000CF7BC438F6807FA0CF72743C7600C7902
:104BA00004F00304022C12D1D40800EB840CDCF8CE
:104BB00020405707FF0E09FA07F824EA0804D1F845
:104BC000108008FA07F848EA0408CCF82080046846
:104BD0004FEA420C06FA0CF7BC430F7907F00307C3
:104BE00007FA0CF7274307604C6814F4403F70D075
:104BF0003C4C276847F480472760246822F003076D
:104C000004F480440094384C07EB040CDCF80848AA
:104C100097074FEA177809FA08F7BC43334FB842B1
:104C200002D1002724E054E0314FB84201D10127DE
:104C30001EE0304FB84201D1022719E02E4FB84292
:104C400001D1032714E02D4FB84201D104270FE012
:104C50002B4FB84201D105270AE02A4FB84201D1B3
:104C6000062705E0284FB84201D1072700E00827B2
:104C700007FA08F72743CCF80878DAF800405746D7
:104C8000D1F804C09C435FEACC2C00D51C433C60A7
:104C9000DBF800405F46D1F804C09C435FEA8C2CEF
:104CA00000D51C433C60DEF800407746D1F804C0D4
:104CB0009C435FEA8C3C00D51C433C60084F083F96
:104CC0003C68D1F804C09C435FEACC3C00D51C434F
:104CD0003C60521C102AFFF42FAFBDE8F88F000093
:104CE000083C0140443802400030014000000240CE
:104CF0000004024000080240000C02400010024084
:104D00000014024000180240001C024000690840E4
:104D100000D0012070470AB1816170470904FBE7A8
:104D20000148806870470000D400002070B504007E
:104D300025D094F83D00002520B984F83C50204649
:104D400000F04EF9242084F83D002068016821F02D
:104D5000010101602068016841F4004101602068A0
:104D6000016821F40041016000F0F2FA4D4A6168E7
:104D7000914201D84C4900E04C49884201D20120BF
:104D800070BD4B492368B0FBF1F15E6826F03F0629
:104D90000E435E606368934206D94FF4967359439D
:104DA0004FF47A73B1FBF3F12368491C1E6A26F0B5
:104DB0003F06314319626168914210D84900401E94
:104DC000B0FBF1F2521CC2F30B02042A01D2042000
:104DD00022E0B0FBF1F0401CC0F30B001CE0A26825
:104DE000F2B301EBC10303EB0116431EB3FBF6F371
:104DF0005B1C43F480431B0549D092B301EBC10215
:104E000002EB0111401EB0FBF1F0401CC0F30B009F
:104E100040F4804040F400402168CA694CF6FF73BA
:104E20009A431043C861D4E907100143206802681F
:104E300022F0C00211430160D4E90301014320685C
:104E4000826848F2FF339A4311438160D4E9050137
:104E500008432168CA6822F0FF021043C86001E0DD
:104E60000EE016E02068016841F001010160256450
:104E7000202084F83D00256384F83E50002070BD5A
:104E800001EB4106431EB3FBF6F35B1CB3E70120C5
:104E9000C2E701EB4101401EB0FBF1F0401CC0F342
:104EA0000B00B7E7A086010080841E0000093D00CA
:104EB00040420F002DE9F84F1F4690468A460446AF
:104EC000DDF82890FFF72CFF054694F83D002028D8
:104ED0007FD11923012240492046009501F082FA32
:104EE000002876D194F83C00012872D0012084F883
:104EF0003C0020680168C90703D1016841F0010145
:104F000001602068016821F400610160212084F8BB
:104F10003D00102084F83E0000262664C4F824805A
:104F20006785608D20852D48E0622B464A465146B4
:104F3000204601F0DDF990B9206841698069009050
:104F400036E02A464946204601F0F2FA50B1206C7C
:104F5000042804D12068016841F400710160012037
:104F6000BDE8F88F606A216800780861606A401CBB
:104F70006062618D491E6185218D491E89B221853E
:104F800022685369DB435B070BD451B10078106191
:104F9000606A401C6062608D401E6085208D401EEE
:104FA00020852A464946204601F0F0F90028CED156
:104FB000208D0028C5D154F83D0B016841F40071E3
:104FC0000160202004F81E09E67766770020C7E715
:104FD000FFE70220C4E70000020010000000FFFF0E
:104FE00010B586B0044614216846FBF712FD13493C
:104FF0002068884220D112480021026842F0020253
:105000000260006800F002000590C02000901220AD
:10501000CDE901010320039004200490694609486A
:10502000FFF77CFD06481030016841F40011016073
:10503000006800F40010059006B010BD0054004058
:10504000303802400004024002488168027811446E
:1050500081607047D40000200B4810B5016841F40E
:1050600000710160016841F480610160016841F4F0
:1050700080710160032000F09FF80F2000F006F817
:1050800000F050F8002010BD003C024030B505464D
:105090001F4887B00024016841F0100101600068DA
:1050A00006A900F01000009001A800F031F9049862
:1050B000A8B100F04DF940001649174AB0FBF1F1D4
:1050C0001648491E026040F2E732C0E90324C0E9F5
:1050D0000114846100F0B8FB040003D015E000F077
:1050E00037F9E9E70D4800F0DDFB04000DD136206B
:1050F00000F034F8102D07D200222946362000F0A7
:105100003BF80748056000E0012407B0204630BDA9
:105110004038024040420F0000100040BC0B00200D
:10512000D80000200C4882B0016841F48041016041
:10513000006800F4804000900748001F016841F0BB
:10514000805101600068002200F0805000900F2123
:10515000901E02B000F010B844380240002809DB6D
:1051600000F01F02012191404009800000F1E02081
:10517000C0F8001170470000F0B40E4B1B680C46DD
:10518000C3F30223C3F10705042D00D90425191D1B
:10519000072901D2002300E0DB1E012606FA05F1F3
:1051A000491E214099409E40761E16403143F0BC76
:1051B00002F0A7BF0CED00E0064900F00702086806
:1051C0004FF6FF03184040EA0220034A10430860EC
:1051D000704700000CED00E00000FA052DE9F047F3
:1051E0000E46050065D0DFF81481D8F80000F7B24C
:1051F00000F00700B04207D288F80070D8F800002D
:1052000000F00700B04254D128683D4C810712D508
:10521000400703D5206840F4E0502060287800075C
:1052200003D5206840F4604020602068A96820F021
:10523000F000084320602878C0072DD03049686806
:105240000839012812D0022813D0032811D0096888
:10525000890700292DDA216821F00301014321602B
:10526000FFF75EFD814641F2883A0EE00968890346
:10527000EFE709688901ECE7FFF752FDA0EB0901B0
:10528000514502D90320BDE8F0872068696800F025
:105290000C00B0EB810FEFD1D8F80010404601F0C0
:1052A0000701B14207D90770006800F00700B0425B
:1052B00001D00120E7E72878400705D52068E96894
:1052C00020F4E050084320602878000706D52068C5
:1052D000296920F4604040EAC100206000F058F8DD
:1052E0002168084AC1F30311515CC84006490860AF
:1052F00006480068FFF7CAFE0020C4E7003C0240F1
:1053000008380240E4AA0008E0000020D80000208D
:105310000F2202600C4A136803F003034360136812
:1053200003F0F0038360136803F4E053C360126872
:105330004FF4E05303EAD20202610448006800F02F
:10534000070008607047000008380240003C024037
:105350000448054900680968044AC1F38221515C88
:10536000C8407047E000002008380240F4AA000856
:105370000448054900680968044AC1F34231515C98
:10538000C8407047E000002008380240F4AA000836
:10539000154810B5006810F00C02144813D01449D9
:1053A000042A0FD0082A0ED10F4C241F226823682C
:1053B00002F03F025B0207D52068C0F38810A0FB13
:1053C000010106E0084610BD2168C1F38811A1FB68
:1053D00000010023FAF7E6FF2168C1F30141491CEF
:1053E0004900B0FBF1F010BD083802400024F40081
:1053F00040787D012DE9F84F04006ED02078DFF869
:105400004C93C007A9F104054AD009F104000168D2
:10541000C1F38101012908D00068C0F3810002288E
:105420000AD1D9F80000400206D52868800337D594
:1054300060680028E1D033E06068B0F5803F10D0AC
:10544000B0F5A02F286810D020F48030286028689C
:1054500020F4802028606068A8B1FFF761FC064650
:105460000DE0286840F48030F4E740F480202860A4
:10547000F7E700BFFFF754FC801B642873D8286847
:105480008003F7D50CE0FFF74BFC064605E000BFB4
:10549000FFF746FC801B6428F0D828688003F7D407
:1054A0002078DFF8AC8280074FF0000A3ED5A7488D
:1054B000001D016811F00C0F08D00068C0F38100D6
:1054C00002280BD1D9F80000400207D428688007D1
:1054D00016D5E068012800D112E033E1E068B8B1E8
:1054E0000120C8F80000FFF71BFC064605E000BFDE
:1054F000FFF716FC801B0228C0D828688007F7D564
:105500002868216920F0F80040EAC10028600DE019
:10551000C8F800A0FFF704FC064604E0FFF700FC13
:10552000801B02281FD828688007F7D4207800073E
:1055300022D5864F87486169703771B101210160BA
:10554000FFF7EEFB064604E0FFF7EAFB801B0228AC
:1055500009D838688007F7D50EE0C0F800A0FFF73B
:10556000DFFB064605E082E0FFF7DAFB801B02283E
:105570007DD838688007F7D42078400768D5DFF8F1
:10558000CCB100270BF13C0BDBF80000C0000BD4C2
:10559000DBF8001041F08051CBF80010DBF8000080
:1055A000012700F0805000906B4E3068C00510D489
:1055B000306840F480703060FFF7B2FB009005E087
:1055C000FFF7AEFB0099401A022850D83068C0059A
:1055D000F6D55E4EA0686C3601280FD005283068DD
:1055E00010D020F001003060306820F004003060FE
:1055F000A068B8B1FFF794FB00900FE0306840F06E
:105600000100F4E740F004003060F7E7FFF788FBA3
:105610000099411A41F28830814266D8306880078B
:10562000F4D50EE0FFF77CFB009007E0FFF778FB76
:105630000099411A41F28830814256D8306880077B
:10564000F4D42FB1DBF8001021F08051CBF800101A
:10565000A069C8B33D49091D0968C1F38101022948
:105660004AD00228504607D0C8F8600000E03CE06D
:10567000FFF756FB04463BE04746C8F86000FFF7DB
:105680004FFB064605E000BFFFF74AFB801B0228E0
:105690002BD828688001F7D4D4E907010843A16A10
:1056A0002E4A490802EB0141626A41EA821108432D
:1056B00094F82C1040EA0161C9F800100120386606
:1056C000FFF72EFB044606E03EE000BFFFF728FB95
:1056D000001B022809D828688001F7D534E000BFF4
:1056E000FFF71EFB001B022802D90320BDE8F88F3C
:1056F00028688001F4D427E00128F7D0D9F8000009
:10570000E26900F4800191421CD1226A00F03F015D
:10571000914217D147F6C071626A0140B1EB821F16
:1057200010D1A26A4FF0FF3300F4403103EB520274
:10573000B1EB024F06D194F82C1000F07060B0EB82
:10574000016F01D00120D1E70020CFE704380240EB
:1057500000004742800E4742007000400000FFFFFB
:105760007047704710B590F83C20012A22D00122E2
:1057700080F83C20CA688C6822F4407222434C684E
:1057800022F4806222430C6822F4006222430C69F6
:1057900022F4805222434C6922F400522243C96908
:1057A000002322F480420A4301684A6480F83C30B6
:1057B000002010BD022010BD70B590F83C20012AD9
:1057C00032D0012480F83C40022280F83D2003685A
:1057D0005A689D6822F070060A6832435A60134B7B
:1057E00002689A4214D0B2F1804F11D0104B9A4205
:1057F0000ED0104B9A420BD00F4B9A4208D00F4B51
:105800009A4205D00E4B9A4202D00E4B9A4204D1D6
:10581000496825F080031943916080F83D400021DC
:1058200080F83C10084670BD022070BD00000140A9
:105830000004004000080040000C0040000401404B
:10584000004001400018004010B5040003D094F857
:105850003D0010B107E0012010BD002084F83C009D
:10586000204600F01EF8022084F83D00211D20682B
:1058700001F018FE012084F8460084F83E0084F808
:105880003F0084F8400084F8410084F8420084F826
:10589000430084F8440084F8450084F83D0000206B
:1058A00010BD704790F83D10012901D001207047CC
:1058B000022180F83D100168CA6842F00102CA6006
:1058C00000681149884214D0B0F1804F11D00F49BF
:1058D00088420ED00E4988420BD00E49884208D02B
:1058E0000D49884205D00D49884202D00C498842B2
:1058F00004D1816801F00701062903D0016841F055
:1059000001010160002070470000014000040040D8
:1059100000080040000C004000040140004001402D
:10592000001800402DE9F0410D46040003D094F822
:105930003D0018B108E00120BDE8F081002084F8A6
:105940003C00204600F040F8022084F83D0020682A
:10595000816844F2070291438160211D206801F0B3
:10596000A1FD226890689169166A2B68AF690343AC
:1059700040F20330814341EA0721A868EF690843F8
:105980004FF6FC418843E96840EA07200143286953
:105990002F6A000140EA0730084369686D6926F004
:1059A000AA0646EA0515294393602268906154F8D7
:1059B000460B0162012004F81F09E0752076E076AD
:1059C0002077A0750020B7E710B586B004461421F3
:1059D0006846FBF71EF81249206888421ED111481C
:1059E0000021026842F002020260006800F002003A
:1059F00005900C481038026842F00402026000680A
:105A000000F004000590C02000900220CDE90101C3
:105A10000390049069460448FFF780F806B010BD73
:105A200000040040403802400008024070B590F881
:105A30003E60044690F83F5090F8423090F8432082
:105A4000022021B104290ED0012E1BD114E0012E19
:105A500018D1012B16D184F83E0084F842000122AF
:105A60000021206820E0012D0CD1012A0AD184F800
:105A70003F0084F8430014E0012D03D1012B01D134
:105A8000012A01D0012070BD84F83E0084F83F0057
:105A900084F8420084F8430001220021206801F0CC
:105AA0006DFD01220421206801F068FD2068016875
:105AB00041F001010160002070BD70472DE9F04107
:105AC00004460068C66805694FF00007A90713D5AA
:105AD000B10711D5F91E0161012020772068806986
:105AE0008007204602D0FFF7E8FF04E000F0A8F8A6
:105AF000204600F04DF92777680716D5700714D5B2
:105B000021686FF004000861022020772068806916
:105B100010F4407F204602D0FFF7CFFF04E000F0F2
:105B20008FF8204600F034F92777280715D530077D
:105B300013D521686FF008000861042020772068E1
:105B4000C0698007204602D0FFF7B7FF04E000F0ED
:105B500077F8204600F01CF92777E80616D5F006FE
:105B600014D521686FF010000861082020772068A4
:105B7000C06910F4407F204602D0FFF79EFF04E08A
:105B800000F05EF8204600F003F92777E80708D018
:105B9000F00706D021686FF001000861204600F090
:105BA0005DF9280608D5300606D521686FF080001B
:105BB00008612046FFF7D4FD680608D5700606D5B3
:105BC00021686FF040000861204600F051F9A806F6
:105BD0000AD5B00608D521686FF02000086120467C
:105BE000BDE8F041FFF7BDBDBDE8F08110B586B05E
:105BF000044614216846FAF70CFF0E4920688842D3
:105C000016D10D480021026842F0010202600068CE
:105C100000F0010005904FF4407000900220CDE9A3
:105C200001010120CDE9031069460448FEF776FF23
:105C300006B010BD000001403038024000000240B4
:105C4000704770B5044690F83C0000260D460128C8
:105C50000FD0012084F83C006AB1042A1DD0082A24
:105C60002FD00C2A3FD00126002084F83C0030467B
:105C700070BD022070BD206801F08EFC2068816933
:105C800041F0080181612068816921F0040181618E
:105C9000206881692A69114311E0206801F0ACFC99
:105CA0002068816941F4006181612068816921F483
:105CB00080618161206881692A6941EA02218161EC
:105CC000D2E7206801F0CEFC2068C16941F00801EC
:105CD000C1612068C16921F00401C1612068C16906
:105CE0002A69114311E0206801F0F0FC2068C169C5
:105CF00041F40061C1612068C16921F48061C16122
:105D00002068C1692A6941EA0221C161ACE710B586
:105D1000040003D094F83D0010B107E0012010BD4D
:105D2000002084F83C00204600F01EF8022084F891
:105D30003D00211D206801F0B5FB012084F84600DC
:105D400084F83E0084F83F0084F8400084F8410065
:105D500084F8420084F8430084F8440084F8450045
:105D600084F83D00002010BD08B50068064988424F
:105D700008D10648016841F001010160006800F0A7
:105D80000100009008BD00000000014044380240BE
:105D90007047000010B50446022249B104290ED014
:105DA000082913D094F84100012816D0012010BD15
:105DB00094F83E000128F9D184F83E200FE094F8D1
:105DC0003F000128F2D184F83F2008E094F8400019
:105DD0000128EBD184F8402001E084F84120012221
:105DE000206801F0CBFB16492068164A884201D092
:105DF000904203D1436C43F40043436420688842DB
:105E000013D0B0F1804F10D00F4988420DD00F4908
:105E100088420AD00E49884207D0904205D00D49E9
:105E2000884202D00C49884204D1816801F0070100
:105E3000062903D0016841F001010160002010BD76
:105E40000000014000040140000400400008004040
:105E5000000C004000400140001800400068034969
:105E6000884201D1FFF7F0B87047000000100040F1
:105E70007047704770470000F8B50168044608682D
:105E8000CA684B6910F00F0F4FF0000559D003F0AE
:105E9000010602F49077374365D0C10705D0D105DC
:105EA00003D5616C41F001016164410705D5D90753
:105EB00003D0616C41F002016164810705D5D90707
:105EC00003D0616C41F004016164010707D502F061
:105ED0002001314303D0616C41F008016164616CC1
:105EE00000293AD0800604D5900602D5204601F05C
:105EF000ADFF20684069616CC0F38010090700D4D1
:105F000060B3204601F012FC20684069400621D5AC
:105F10002068143050E8001F21F0400140E80012D2
:105F2000002AF5D1E06BA8B16E490165E06BFEF780
:105F3000AFFB002811D0E06B016D01B0BDE8F0406F
:105F4000084783060FD593060DD52046BDE8F840D7
:105F500001F07CBF2046FFF78DFFF8BD2046FFF71C
:105F600089FF6564F8BD266B2023012E7DD1C6060E
:105F70007BD5D60679D508684868009048694FF007
:105F80000206400641D5E16B086840680004000C39
:105F9000E8D0A28D8242E5D9E085C869B0F5807F5E
:105FA0002DD020680C3050E8001F21F4807140E8AB
:105FB0000012002AF5D12068143050E8001F21F0AB
:105FC000010140E80012002AF5D12068143050E8A1
:105FD000001F21F0400140E80012002AF5D184F8AA
:105FE0004230256320680C3050E8001F21F010017A
:105FF00040E80012002AF5D1E06BFEF700FB666373
:10600000A08DE18D401A81B22AE0A08DE18D401A69
:1060100081B2E08D0028A5D00029A3D022680C32DF
:1060200052E8000F20F4907042E80007002FF5D1ED
:106030002068143050E8002F22F0010240E80027C9
:10604000002FF5D184F84230256320680C3050E8E9
:10605000002F22F0100240E80023002BF5D16663E8
:106060002046FFF706FFF8BDFFE705062BD515060E
:1060700029D594F841002128F5D1A068B0F5805FBA
:1060800001D12069B0B1206A411C216221680078E9
:106090004860E08C401E0004000CE084E3D12068DE
:1060A000C16821F08001C1602068C16841F04001F1
:1060B000C160D8E7206A0088C0F308004860206A01
:1060C000801C2062E5E74006CDD55006CBD5CA68D6
:1060D000204622F04002CA6084F8413000F0EEF819
:1060E000C1E700001D77000870B5040004D094F8E3
:1060F0004100002510B106E0012070BD84F8405039
:10610000204600F023F8242084F841002068C1686C
:1061100021F40051C160204601F0FAFE20680169B7
:1061200021F4904101612068416921F02A01416117
:106130002068C16841F40051C1606564202084F882
:10614000410084F842006563002070BD70B586B0E0
:10615000064614216846FAF75CFC234930688842F9
:1061600040D122480025016841F4003101600068F7
:1061700000F4003005901D481038016841F001011D
:1061800001600068694600F0010005900C20009055
:106190000220CDE901050320039007200490144854
:1061A000FEF7BCFC144C134820604FF00060C4E9BB
:1061B00001054014C4E9035080106561C4E906502C
:1061C000256220466562FEF745FB08B1FCF7FEFF3D
:1061D000F463002205212620A663FEF7CDFF2620CA
:1061E000FEF7BCFF06B070BD0044004040380240DE
:1061F00000000240886002405C0B002090F84230B2
:10620000202B01D00220704721B11AB10023036373
:1062100001F004BF0120704701F008BC2DE9F843EC
:10622000044690F84100984616460D46202802D0B4
:106230000220BDE8F88385B17EB100206064212092
:1062400084F84100FEF76CFDA6848146E684A068D0
:106250002027B0F5805F02D003E00120E9E7206944
:1062600010B12E4600250EE000260CE080212046CD
:1062700001F0EFFEA8B9C6B116F8010B216848601D
:10628000E08C401EE084E08C4B464FF00002CDF8DD
:1062900000800028EAD14FF04001204601F0D9FEED
:1062A00040B184F841700320C3E735F8020BC0F316
:1062B0000800E3E784F841700020BAE77047FEE782
:1062C00001684A69D24352050FD46FF480624A6173
:1062D000002140F8301F202242738173026942F08E
:1062E0000402026101730120704700207047000022
:1062F000F8B50446C06A1E460D461746082807D062
:10630000012805D010F5803F02D0206B122804D15F
:106310002068016841F480710160134600224FF04B
:1063200001112046009600F05DF840B12068006839
:10633000C00502D54FF4007020640320F8BD206929
:10634000B0F5804F0ED00620216800EAD51040F04D
:10635000F000086133463A460B49204600F08AF8BF
:1063600078B902E005F0FE0000E0E8B221680861BB
:10637000054933463A46891F204600F07BF800283D
:10638000DCD00120F8BD00000800010070B5164601
:106390000D4604461EE02046FFF792FF08B101209B
:1063A00070BD681C16D0FEF7BBFC801BA84200D84D
:1063B00085B920684069C04340070BD5002044F8E8
:1063C000300F20216173A073216941F02001216108
:1063D0002073E4E720684069C0434007DBD4002015
:1063E00070BD00002DE9F047984617460D4604465B
:1063F000C1F30746DDF820902AE000BFB8F1FF3F67
:1064000026D0FEF78DFCA0EB0901414502D8B8F17A
:10641000000F1DD12068012E16D0806925EA0000EA
:106420000004000C12D00020B84211D1002044F822
:10643000300F20216173A073216941F02001216197
:1064400020730120BDE8F0874069E7E70120EBE712
:106450002068012E0AD0806925EA00000004000CA3
:1064600006D00020B842C9D00020EBE74069F3E72E
:106470000120F7E72DE9F047984616460D460446F9
:106480004FF000094FF0200AC1F3074723E02068CE
:106490004069C043400515D42068016841F400718B
:1064A000016021686FF480604861C4F8309084F81E
:1064B0003DA084F83E90216C41F00401216484F8F1
:1064C0003C9021E0701C06D0FEF72AFCA0EB0800EF
:1064D000B04203D816B1012F1FD021E02068012F50
:1064E00015D0806925EA00000004000C18D000BF18
:1064F00044F8309F84F80DA084F80E90216941F093
:106500002001216184F80C900120BDE8F0874069EA
:1065100025EA00000004000CEAD12068406901E08F
:106520002068806925EA00000004000CAFD1ECE788
:1065300070B516460D4604461EE02046FFF7C0FE25
:1065400008B1012070BD681C16D0FEF7E9FB801B66
:10655000A84200D885B920684069C04300060BD521
:10656000002044F8300F20216173A073216941F0AD
:10657000200121612073E4E720684069C0430006E0
:10658000DBD4002070BD000010B5094C0120207044
:106590006070A070E070FEF7C3FB6060FEF7C0FBA8
:1065A000A060FEF7BDFBE060FEF7BAFB206110BD06
:1065B000A80000202DE9F041FEF7B2FBDFF8BC8017
:1065C000044601214046FEF7A1FB07460221404652
:1065D000FEF79CFB064604214046FEF797FB054666
:1065E00008214046FEF792FB014625480022012380
:1065F00090F800C0BCF1010F00D117B1012F08D0F5
:1066000009E04768E71B142F05D302700120BDE89D
:10661000F081037044604778012F00D116B1012E3C
:1066200007D008E08668A61B142E04D3427002200F
:10663000EDE7437084608678012E00D115B1012DFD
:1066400007D008E0C568651B142D04D382700320B1
:10665000DDE78370C460C578012D00D111B1012937
:1066600007D008E00169611A142904D3C27004201C
:10667000CDE7C37004610020C9E7000000080240B4
:10668000A80000207FB500251F48009501950295C0
:106690001C490395016001244FF480310461C0E975
:1066A0000115047680F820501849C0E90A15032620
:1066B000C661C56080F830404461FDF7E2FA08B178
:1066C000FCF784FDCDE90054042569460E48029587
:1066D000FDF72EFA08B1FCF779FD0220CDE9004064
:1066E00069460948FDF724FA08B1FCF76FFDCDE9CA
:1066F000005669460448FDF71BFA002801D0FCF754
:1067000065FD7FBD00200140600900200100000FF1
:10671000114810B50F490160062141604FF08041DA
:10672000816000214FF42022C0E903124FF480124F
:1067300042610176012242768176C2760177417705
:10674000FDF73DFE002803D0BDE81040FCF73EBD3C
:1067500010BD000000640040080A0020114808B580
:10676000016841F480010160016801F48001009139
:10677000016841F4001101600068002200F400107B
:10678000009005211020FEF7F7FC1020FEF7E6FC34
:10679000002205213820FEF7EFFCBDE80840382034
:1067A000FEF7DCBC3038024010B5154A0021154810
:1067B00001F0BEFF144C124A00212060243213481D
:1067C00001F0B6FF0E4A606048320021104801F027
:1067D000AFFF0B4AA0606C3200210E4801F0A8FF09
:1067E000074AE060903200210B4801F0A1FF044A03
:1067F0002061B4320021094801F09AFF606110BDA8
:1068000004AA0008D9720008BC000020B97300086F
:106810009D710008597200084572000881720008D5
:106820002DE9F04387B014216846FAF7F2F83648AC
:106830000024016841F010010160016801F01001BD
:106840000591016841F004010160016801F0040153
:106850000591016841F080010160016801F080014B
:106860000591016841F001010160016801F0010139
:106870000591016841F008010160016801F008011B
:106880000591016841F00201016000681F4F00F0AE
:1068900002000590002230213846FEF73CFADFF86E
:1068A00070804FF40056002231464046FEF733FA1E
:1068B000DFF86090012211464846FEF72CFA30209E
:1068C00000900125CDE90154694638460394FEF74E
:1068D00025F90096CDE90154694640460394FEF738
:1068E0001DF90F208DE8310069464046FEF716F984
:1068F0000095CDE90154694648460394FEF70EF928
:1069000007B0BDE8F08300003038024000100240BC
:1069100000080240000C02400D4810B50B49016010
:106920000C49416000214FF480428160C0E90312AC
:1069300041618161C1610162FEF7F8F9002803D06D
:10694000BDE81040FCF742BC10BD00000054004000
:10695000300A0020801A060010B592B000240F946F
:106960001C2168461094FAF754F8202107A8FAF77A
:1069700050F824482249C0E9001442F2CF01C0E98E
:10698000024180210461C0E90541FFF7C0F908B167
:10699000FCF71CFC0F940FA91A481094FEF70CFF8B
:1069A00008B1FCF713FC6020CDE9000402940394C5
:1069B000049405940022694612480694FFF741F9B1
:1069C00008B1FCF703FC042269460E48FFF739F9C9
:1069D00008B1FCF7FBFB0794089409944FF40050AE
:1069E0000A94CDE90B4007A906480E94FEF7BAFEBB
:1069F00008B1FCF7EBFB0348FFF7F8F812B010BD45
:106A000000000140840A002010B58CB024216846A3
:106A1000F9F7FFFF00241648099414490A94C0E9C5
:106A200000144FF6FF71C0E90241802104618161C9
:106A30000320CDE900040120CDE902040494CDE94E
:106A40000540079469460A480894FEF76BFF08B1B1
:106A5000FCF7BCFB099409A905480A94FEF7ACFEB3
:106A6000002801D0FCF7B2FB0CB010BD00040040C0
:106A7000CC0A00200C4810B50A4901604FF4E131FE
:106A80004160002181600C22C160C0E90412816173
:106A9000C161FFF729FB002803D0BDE81040FCF7D7
:106AA00095BB10BD00440040140B0020FEE7000021
:106AB00010B50B4C012210212046FEF72CF90122C3
:106AC00020212046FEF727F900210648FFF762F94A
:106AD00004210448FFF75EF9BDE8104000F012B849
:106AE00000100240840A002041F26801884200D967
:106AF0000846034900220B685A6309688863704797
:106B0000840A002003480021026851630068816301
:106B100070470000840A0020FEE7000080EC020AB3
:106B20009FED060A80ED020A80ED031AC0ED041AFB
:106B300080ED062AC0ED052A704700000000000025
:106B40009FED020A80ED020A70470000000000007D
:106B500070EE600A90ED020A00EE810A80ED020AF2
:106B600090ED051AB4EEC10AF1EE10FA02DCB0EEB7
:106B7000401A01E080ED021A90ED060AB4EEC01A48
:106B8000F1EE10FA01D280ED020A90ED030A90EDC9
:106B9000001A01EE200AD0ED010A90ED021A00EE73
:106BA000810AD0ED040AF4EEC00AF1EE10FA01D227
:106BB000B0EE600AB5EEC00AF1EE10FA01D29FED18
:106BC000010A70470000000010B54FF480610448CE
:106BD000F9F7FDFE034800210170417010BD00006F
:106BE000440300206800002030B580280FD24029DF
:106BF0000DD201F007050123AB40054CC90800EB9D
:106C0000C110215C0AB1194300E09943215430BD01
:106C100044030020014A1070517070476800002042
:106C200010B56420FDF7B8FEAE2000F045F9202035
:106C300000F042F9022000F03FF9B02000F03CF9EA
:106C4000C82000F039F9002000F036F9102000F0DB
:106C500033F9402000F030F9812000F02DF97F2039
:106C600000F02AF9A12000F027F9A62000F024F96D
:106C7000A82000F021F93F2000F01EF9D32000F0F9
:106C80001BF9002000F018F9D52000F015F980203C
:106C900000F012F9D92000F00FF9F12000F00CF902
:106CA000DA2000F009F9122000F006F9DB2000F0EC
:106CB00003F9402000F000F98D2000F0FDF81420C9
:106CC00000F0FAF8AF2000F0F7F8FFF77DFFBDE81D
:106CD000104000F0AFB800002DE9F04F8046DFF81B
:106CE0004CB10126DFF848915EE000BFA0F1300111
:106CF000092921D8C8B200EB8000002500EB0B0A5F
:106D00005FF000041AF8057006FA04F038420AD061
:106D100099F8011099F8000021442844C9B2C0B282
:106D20000122FFF761FF641CE4B2072CECD36D1C59
:106D3000EDB2052DE4D32FE0A0F14101192923D8AC
:106D40003738C0B200EB8000002500EB0B0A00BF13
:106D50001AF805705FF0000406FA04F038420AD011
:106D600099F8011099F8000021442844C9B2C0B232
:106D70000122FFF739FF641CE4B2072CECD36D1C31
:106D8000EDB2052DE4D307E0202805D03A2811D034
:106D90002E2827D02D2835D099F80010891D89F884
:106DA000001000BF08F1010898F8000000289DD1EC
:106DB000BDE8F08F99F801004C46801CC1B299F8EB
:106DC00000000122401CC0B2FFF70EFF60780122D4
:106DD000401DC1B22078401CC0B2FFF705FF2078EB
:106DE000001D0DE099F801004C46801DC1B299F8D4
:106DF00000000122401CC0B2FFF7F6FE2078C01C44
:106E00002070CFE700244D4601226878C01CC1B233
:106E100028782044C0B2FFF7E7FE641CE4B2042CDB
:106E2000F2D32878401D2870BCE7000050A9000864
:106E3000680000202DE9F04FDFF874A087B000242F
:106E40004FF0400B04F1B000C0B200F035F8002064
:106E500000F032F8102000F02FF80AEBC41780265B
:106E60008DF804B00DF104084FF0640901E0102E14
:106E700001D9102500E035462A46394608F10100BF
:106E8000F9F726FD681C83B201AA78210948CDF8DC
:106E90000090FEF70FF8701B06042F44360CE6D165
:106EA000641CE4B2082CCDD307B0BDE8F08F00001D
:106EB00044030020300A00201CB500218DF8041086
:106EC0008DF8050064200090022301AA7821024871
:106ED000FDF7F0FF1CBD0000300A0020014880884B
:106EE0007047000034000020014890ED030A70470D
:106EF000340000200148C0887047000034000020A2
:106F0000014890ED040A70473400002001480089D0
:106F10007047000034000020014890ED050A7047DA
:106F200034000020014890ED060A7047340000202C
:106F3000014890ED080A704734000020014890EDA8
:106F4000090A7047340000200148007870470000AB
:106F500034000020124810B5002141708170C170CA
:106F600001708180C18001819FED0E0A602280ED59
:106F7000030A80ED040A80ED050A80ED060A80ED23
:106F8000070A80ED080A80ED090A07490748FCF75F
:106F9000F3FE002803D0BDE81040FCF717B910BD80
:106FA000340000200000000064010020600900207F
:106FB00070B50023684C1A462DED028B1946184611
:106FC00000EB4005401C34F8156004EB45053344E4
:106FD0006E88AD88C0B2324429442028F0D3C3F370
:106FE0004F135E4C00EE103AC2F34F12A380B8EE7E
:106FF000400AE280C1F34F102081DFED591A60EEA4
:10700000210A9FED580A80EE801A00EE902AF8EED1
:10701000600A84ED031A9FED542A60EE820A80EE26
:10702000802A00EE900AF8EE600A60EEA10AC0EE37
:10703000801A84ED042AC4ED051ADFED4C0A62EED5
:10704000200ADFED4B1A60EEA10AC4ED070A617851
:107050009FED488ADFED488A484D012689B360EEEE
:10706000880AD5ED041A41EEA80AC5ED040A00BF4E
:10707000F0EE000A61EE200AC4ED060AA17829B3F9
:1070800060EE880A95ED031A41EE280AC5ED030A61
:1070900040F6FA71DFED3A0A9FED3A1A884219D2AA
:1070A00001EE900AF8EE611A21EEA02A01EE900A94
:1070B000F8EE611A30EE610AC2EE001AC4ED081A49
:1070C0000CE0FFE7C5ED040A6670D1E7C5ED030AE1
:1070D000A670DDE784ED081AF0EE411AF5EEC01A4D
:1070E000F1EE10FA14DD81EEA00A01F001F99FED36
:1070F000261ADFED260A40EE010AB7EE001A81EEED
:10710000200ADFED230A30EE600A84ED090A01E06F
:1071100084ED091AE07894ED090A70B120EE080AAE
:10712000D5ED050A00EEA80A85ED050A10EE100A55
:107130001849884205DB02200BE085ED050AE67060
:10714000F4E71549884203DB2670BDEC028B70BD65
:1071500000202070F9E700006401002034000020C6
:107160003333534000F07F45A4704D406666B6400F
:107170006F12633FCDCC4C3ECDCC4C3F0000002085
:1071800000401C46000000000AD7A3390FCF5B3B2C
:107190003393884300008C4200007042A8B0002561
:1071A0002C4600F03DFBFBF7AFFF2348FCF728FA25
:1071B000DFF884A02149DAF80800486003F0CAFA31
:1071C00080468946DAF8040003F0C4FA06460F4602
:1071D000DAF8000003F0BEFA0246DAF80C000B46BB
:1071E00006908DE8CC03164A802107A8F9F752F9DA
:1071F00007A800F039FDFBF735FE00BF00F004FBE7
:1072000008B100F0EFFC00F09BFBFBF761FD642090
:1072100001F052FA6D1C641CEDB2E4B2052D02D3EC
:107220000025FBF7C9FD322CE8D30024FCF702FC53
:10723000FCF740FBE2E700005009002000000020BE
:10724000F4AE0008FBF79AFE4FF4FA74FBF7AEFEBB
:10725000204601F031FAF9E7FCF7DCF8074C00258D
:10726000207828B12570FCF7BFF808B100F012FCB7
:10727000FCF7E8F8642001F01FFAF1E78200002033
:10728000FFF782F9FBF700FC104D114E0124114F5E
:10729000FFF790F9012806D0022808D003280AD069
:1072A00004280ED10AE02C70FBF70AFC09E03470C8
:1072B000FBF709FC05E0FBF7EFFB02E03C70FBF796
:1072C000DFFB0A2001F0F8F9E2E70000800000206F
:1072D0008100002082000020DFED2C2A9FED2C2A67
:1072E000DFED2C1A9FED2C1ADFED2C0AB3EE040A09
:1072F0002B48FFF713FCFFF7DBFB2A4C00252A4E37
:107300002A4F6581207EC0BB307848B135703D7012
:1073100025722348FFF714FCFFF7F4FB658128E092
:10732000387888B13D7035700120207294ED010AE3
:10733000B5EEC00AF1EE10FA03D89FED1D0A84EDF8
:10734000010A1748FFF7FCFB207AB0B1FBF7F8FE03
:10735000D4ED000A94ED010A9FED161A1048FFF7CC
:10736000F7FBBCEEC00A10EE100A80B26081FFF796
:10737000BBFB642001F0A0F9C4E7FFE7FFF7C2FB05
:1073800065810748FFF7DCFBF3E7000000007A4463
:1073900000007AC4004083450000FA449A99993E5F
:1073A000340900200000002081000020800000201F
:1073B0000000A042CDCCCC3DFFF7CCFD642001F015
:1073C0007BF94FF4FA7400BFFFF7F2FD00F06EFB9B
:1073D000204601F071F9F7E710B54FF0E0200069A1
:1073E00002F0A8FD012803D0BDE8104002F0EEB97C
:1073F00010BD000030B593B030216846F9F709FBA5
:1074000014210CA8F9F705FB1D480025016841F07F
:1074100080510160006800F08050119019480168A7
:1074200041F4804101600068022400F48040119022
:107430000120039010200490009406940820CDE9C8
:107440000750A820CDE9090404200B906846FDF7F9
:10745000D1FF08B172B6FEE70CA90F2081E8310018
:107460004FF4A0500F904FF48050109005210CA8BD
:10747000FDF7B4FE002801D072B6FEE713B030BDB0
:1074800040380240007000400248016841F4700139
:107490000160704788ED00E00148FEF70FBB000077
:1074A000BC0B0020F0B50268294C2A4D2A4E2B4F08
:1074B0002B4B4FF0804CA04209D0604507D0A8422A
:1074C00005D0B04203D0B84201D0984204D122F096
:1074D000700E4A6842EA0E02A0421BD0604519D0E5
:1074E000A84217D0B04215D0B84213D0984211D05C
:1074F0001C4DA8420ED01C4DA8420BD01B4DA842DB
:1075000008D01B4DA84205D01A4DA84202D01A4DF2
:10751000A84203D122F44075CA682A434D6922F07B
:1075200080022A4302608A68C2620A688262A042BC
:1075300001D0984201D109690163012141610169CA
:10754000C90703D0016921F001010161F0BD00000C
:10755000000001400004004000080040000C004012
:107560000004014000400140004401400048014047
:1075700000180040001C00400020004010B501F041
:107580001F030121046A99408C430462016A9A40F6
:107590001143016210BD0000F0B5036A026A22F0D7
:1075A0000102026242688469124E24F073050C687D
:1075B0002C4323F002058B682B430D4DA84201D0CC
:1075C000B04205D123F00807CB683B4323F0040306
:1075D000A84201D0B04205D14D6922F44072154352
:1075E0008A692A4342608461496841630362F0BD4D
:1075F0000000014000040140F0B5026A036A23F074
:1076000010030362436884690D6824F4E64444EA85
:1076100005248D6822F0200242EA05120F4D104E1B
:10762000A84201D0B04206D1CF6822F0800242EADF
:10763000071222F04002A84201D0B04207D14D69A2
:1076400023F4406343EA85038D6943EA850343607D
:107650008461496881630262F0BD0000000001405E
:1076600000040140F0B5026A036A23F480730362E8
:107670004368C46922F4007224F073050C68124E4A
:107680002C438D6842EA05220E4DA84201D0B0423B
:1076900006D1CF6822F4006242EA072222F4806217
:1076A000A84201D0B04207D14D6923F4405343EAC8
:1076B00005138D6943EA05134360C4614968C163DA
:1076C0000262F0BD000001400004014030B5046AD0
:1076D000026A22F4805202624268C3690D6823F490
:1076E000E64343EA05238D6824F4005444EA053454
:1076F000084DA84202D0084DA84204D14D6922F499
:10770000804242EA85124260C361496801640462B2
:1077100030BD0000000001400004014010B5806B46
:107720000021C185C184FEF7A5FB10BD01680C31A5
:1077300051E8002F22F4907241E80023002BF5D18C
:107740000168143151E8002F22F0010241E80023C2
:10775000002BF5D1016B012909D101680C3151E8E9
:10776000002F22F0100241E80023002BF5D1202148
:1077700080F842100021016370470000082815D2EC
:10778000DFE800F00406080A10120C0E08A070478B
:1077900009A070470AA070470BA070470DA0704762
:1077A0000EA070470FA0704712A0704714A070473A
:1077B0004E4F4E4500000000535045454400000028
:1077C00054454D50000000004F564552435552520B
:1077D000454E54005354414C4C0000004C4F434B19
:1077E00045440000554E444552564F4C5441474580
:1077F000000000004F564552564F4C54414745003B
:10780000554E4B4E4F574E000448417819B1002158
:107810004170012070470020704700007C0000206C
:1078200070B50C4C0025402125700B48F9F7CFF8B6
:10783000E571257225716571A571012001F0DCFFEC
:10784000E06000F04DFA0122E11DBDE87040034800
:10785000FEF7D4BC7C00002044070020140B00205D
:10786000F8B5064625A1F9F7FBF8264C0125D0B15D
:1078700025A13046F9F7F4F8B8B125A13046F9F75B
:10788000EFF8A0B124A13046F9F7EAF888B10A224E
:1078900024A13046F8F7D1FF68B12078002801D044
:1078A0000420E070F8BDA571F8BD2571F8BD6571C3
:1078B000F8BD6570F8BD9FED1E0A6A468DED000AA1
:1078C0001CA106F10A00F8F77BFF012801D0022075
:1078D000E7E79DED000AB5EEC00AF1EE10FA0BDB0A
:1078E00010EE100A1449884206DC144880ED010AA3
:1078F00084ED040AA570F8BDE570F8BD434C454120
:10790000520000007C0000205354415254000000FB
:1079100053544F50000000004745545F53544154A6
:10792000555300005345545F5350454544200000D3
:1079300000000000256600000000964300000020C3
:1079400030B5174C93B0A078002568B1A5702069B8
:1079500002F000FFCDE9000112A2402102A8F8F7D1
:1079600099FD02A800F080F9E07801280BD0E078BA
:1079700002280BD0E07803280ED0E078042809D143
:10798000E5700EA004E0E57013A001E0E5701AA018
:1079900000F06AF913B030BDE5701DA0F8E70000F3
:1079A0007C0000205345542053504545443A20253F
:1079B0002E31662052504D0D0A0000004552524FA4
:1079C000523A20554E4B4E4F574E20434F4D4D414E
:1079D0004E440D0A000000004552524F523A2053C7
:1079E000504545442052414E474520302D333030DC
:1079F0002052504D0D0A00004552524F523A204934
:107A00004E56414C49442053504545440D0A000010
:107A10004552524F523A20434F4D4D414E4420540F
:107A20004F4F204C4F4E470D0A00000070B51649CD
:107A3000884227D1154C0025E079AA2802D10121DE
:107A400021722570217A11B100F068F912E0104A14
:107A50000D2808D00A2806D021783F2909D2505491
:107A6000491C217006E0207820B115540848FFF722
:107A7000F7FE2570BDE8704004490122C91D024887
:107A8000FEF7BCBB70BD0000140B00207C00002082
:107A90004407002001A000F0E7B800004641554C23
:107AA0005420434C45415245440D0A002DE9F04F06
:107AB000D5B0FFF749FA00287BD0FFF745FA012837
:107AC00079D03EA0DFF800810A90D8F8140002F0C7
:107AD00041FE0F460646FFF731FA10EE100A02F09B
:107AE00039FE0D460446FFF723FA9FED381AC0EE23
:107AF000010A10EE900A02F02DFECDE90801FFF711
:107B00000BFA10EE100A02F025FECDE90601FFF790
:107B1000FDF90190D8F8100002F01CFECDE9040137
:107B2000FFF7EEF910EE100A02F014FECDE90201A3
:107B3000FFF7E0F90090FFF7F5F910EE100A02F0F8
:107B400009FE8B468246FFF7CFF910EE100A02F0CD
:107B500001FE89468046FFF7C1F903460A9810A93D
:107B6000CDE9137081E87000DDE90801CDE90E016F
:107B7000DDE90601CDE90C0101980A90DDE9040177
:107B8000CDE90801DDE90201CDE906010098104ABE
:107B9000CDE903B08DE800074FF4807115A8F8F720
:107BA00079FC15A800F060F855B0BDE8F08F00E052
:107BB00001E008A086E709A084E700004F5645527F
:107BC0005F54454D500000000000002000007A4442
:107BD0000CAC00084E4F524D414C00005741524EE4
:107BE000494E47002DE9F04F194CCBB0207EFFF7EE
:107BF000C5FD8346606902F0ADFD07468846E06832
:107C000002F0A8FD05460E46206802F0A3FD81465D
:107C10008A46606802F09EFD6389CDF824B08DE845
:107C20000306CDE9078304A880E8E000207A08B1C4
:107C300008A300E009A30B4A4FF480710AA8F8F7E3
:107C400029FC0AA800F010F84BB0BDE8F08F000046
:107C50000000002052554E4E494E470053544F509D
:107C600050454400ACAC000870B5050019D00D4C6F
:107C7000E06818B14FF0FF3102F00EF82846F8F72F
:107C8000BDFD82B2642329460748FEF7C7FAE068C3
:107C9000002806D0BDE8704000231A46194601F0BE
:107CA0004FBE70BD7C000020140B002070B5044650
:107CB0000020024607250FE0A35C5840002306067B
:107CC00002D585EA400000E040005B1CDBB2C0B298
:107CD000082BF4D3521C92B28A42EDD370BD00003F
:107CE0000C4810B50021017041708170C1700171A4
:107CF000417181718160C160016120210648F8F7FE
:107D000066FE0548BDE810404FF488712030F8F752
:107D10005EBE0000940000200408002070B52F4CC7
:107D20008AB02378002501210422062B4ED2DFE8F9
:107D300003F003090C1E2946AA2801D12170E57021
:107D40000AB070BD607002200DE0A070A0782028FD
:107D500005D9E068401CE0602570A570F0E7A078C8
:107D600018B1E57003202070EAE72270E8E71C49AB
:107D7000E378C854E078401CE070E078A17888424D
:107D8000F3D2DDE7207160788DF80000A0788DF8DF
:107D90000100A07828B1A27811490DF10200F8F78E
:107DA00097FDA1786846891CFFF780FF21798842FA
:107DB00001D10520D7E7E068401CE06006E05528C7
:107DC00006D0E268521CE260AA2804D02570B7E70A
:107DD00000F008F8B4E72170B2E70000940000203A
:107DE0000408002070B5174C6079401C00F00705AE
:107DF000A0790026854203D12069401C20611EE045
:107E00006178607900EB00120F4800F81210A17839
:107E1000627902EB021200EB42025170A17851B17B
:107E20006179A27801EB011100EB41000649801C49
:107E30002039F8F74DFD6571A068401CA0602670E0
:107E400070BD0000940000202408002008B590F8C0
:107E50004210222901D0022008BD82684FF48053CD
:107E60009A4201D1016921B1816A9A421BD04AB17B
:107E70000AE00268816A5268C2F308020A80816AD5
:107E8000891C08E0026972B10268526802F07F0240
:107E90000A70816A491C8162C18D491E0904090C5E
:107EA000C18503D01BE002685268F1E70168CA6827
:107EB00022F02002CA600168CA6822F48072CA6097
:107EC00001684A6922F001024A61202180F84210CB
:107ED00000214163026B012A03D0FEF79DF90020C7
:107EE00008BD016301680C3151E8002F22F0100237
:107EF00041E80023002BF5D101680A68D20602D5BB
:107F00000A6849680091818DFDF7B3FFE7E700003B
:107F100070B5044600680169E26821F440511143DC
:107F200001612169A068E26908436169114308435E
:107F30002168CA6849F20C639A430243CA60206808
:107F40004169A26921F440711143416131492068BE
:107F5000884202D03049884202D1FDF709FA01E097
:107F6000FDF7F6F9E2690023192164253226B2F5FE
:107F7000004F626828D0A0FB0101930F9200F8F730
:107F800011FA0146B0FBF5F06FF01802504301EB17
:107F9000800006EB0010B0FBF5F000F0F002B1FB42
:107FA000F5F002EB0012B1FBF5F06FF01803584347
:107FB00001EB800006EB0010B0FBF5F000F00F00C5
:107FC00021681044886070BDA0FB010192185B41DC
:107FD000F8F7E8F90146B0FBF5F00201B1FBF5F066
:107FE0006FF01803584301EB800006EBC000B0FBB4
:107FF000F5F000F0F80002EB4002B1FBF5F0584359
:1080000001EB800006EBC000B0FBF5F000F00700CC
:10801000D6E7000000100140001401408162828513
:10802000C28500214164222180F84210016921B1FA
:108030000168CA6842F48072CA6001684A6942F005
:1080400001024A610068C16841F02001C16000205E
:1080500070472DE9F843984617460D460446089E9A
:1080600024E0701C22D0FCF75BFEA0EB0800B042BD
:108070001AD8CEB12068C168490717D5802D15D010
:10808000402D13D00168C94309070FD401680025AA
:10809000406800902046FFF749FB0820606484F8A0
:1080A00040500120BDE8F8830320FBE7206800680A
:1080B00035EA000004D00020B842D2D00020F1E719
:1080C0000120F9E70148FDF7D7BE0000140B00209E
:1080D000FEE703B401984100009850EAC12018BFA0
:1080E00004204A0D18BF40F0010040F2FF72B2EBCD
:1080F000515F08BF40F00200012808BF052002B010
:1081000070470907090E002804DB00F1E02080F821
:108110000014704700F00F0000F1E02080F8141DFB
:10812000704700000000000030B52DED048B81B0D9
:10813000B0EE408AF0EE608A6A4651EC180B00F00F
:108140001BFA00989FED329B7E300090002821DCC6
:1081500053EC192B51EC180B02F050F91AD00021F6
:1081600040F608004FF00000044651EC180B02F0F6
:10817000FFF808EE100A40F6080004EA00014FF08C
:108180000000B5EEC08AF1EE10FA04BF0220F8F745
:10819000AFFC2DE00098FF2830DB002108464FF0AF
:1081A000000000F4400553EC192B51EC180B02F0C1
:1081B0009BFA8CBF002401240220F8F799FC9FED64
:1081C000168A4DB1002C0CBF4FF400004FF4800014
:1081D000A84218BF9FED118A042108464FF0000005
:1081E000002C01BFB1EE480A01B0BDEC048B30BDDC
:1081F000B0EE480A01B0BDEC048B30BD51EC180B59
:1082000002F0B6F801B000EE100ABDEC048B30BDF0
:1082100000000000000000000000807FFFFF7F7F63
:1082200030B540F2FF742DED048BF0EE608A18EE4D
:10823000901A85B0B0EE408A9FED2B9B05468DEDE0
:10824000008B34EA115147D053EC192B51EC180B29
:1082500002F0D4F840D02A4651EC180B02F02CFB67
:1082600041EC180B18EE900A8DED008B34EA10509B
:108270001CD053EC192B51EC180B02F0BFF82BD18A
:108280000220F8F735FC00F0FBF810EE901A18EE1B
:10829000900A8DED020B8DED008B61F31E000390B3
:1082A0009DED020B05B0BDEC048B30BD0220F8F74C
:1082B0001FFC00F0D5F810EE901A18EE900A8DED24
:1082C000020B8DED008B61F31E0003909DED020B00
:1082D00005B0BDEC048B30BD05B0B0EE480AF0EE41
:1082E000680ABDEC048B30BD0000000000000000F7
:1082F00010EE100A10B50023A0F50001B1F1FE4FF9
:1083000067D200BF00F500216FF07E0202EBE15C56
:10831000C1F302524FF07E5101EB025100EE901A70
:10832000A0EBCC5003EB0C0100EE100A51EA020066
:1083300036D030EE601A70EE200A9FED3D2A3E489E
:1083400081EE200A9FED3B1A60EE000A00EE821AD1
:1083500060EE201A61EE810A784401EE101A00EBFB
:1083600082009FED362AB8EEC11AD0ED001A3448CB
:1083700041EE021A784401EE101A00EB8200B8EECA
:10838000C11A90ED002ADFED2F2A01EE222AB0EE6D
:10839000001A72EE200A40EE010A31EEA00A10BD6A
:1083A000F7EE000A9FED291A30EE600ADFED260A8B
:1083B00000EE201ADFED260A60EE001A40EE010AF8
:1083C0009FED241A00EE201A61EE810A30EE200A99
:1083D00010BD4FF07F41B1EB400F03D2BDE810401C
:1083E00000F068B8B0F1FF4F08BF10BDB5EEC00A8D
:1083F000F1EE10FA06D20120F8F77AFBBDE8104042
:1084000000F05CB8B5EEC00AF1EE10FA07D1022018
:10841000F8F76EFB00F044F8B1EE400A10BDDFED56
:108420000E0A6FF0160320EE200A10EE100A69E71C
:1084300066F1CC3EAAAA2A3FDC2700000070313F3B
:10844000E0270000F4FD053821ED423E0A1180BE10
:10845000C1ABAA3EFFFFFFBE0000004B00000000C2
:108460009FED050B10B553EC102B51EC100B02F0E7
:108470003DF841EC100B10BD000000000000007042
:108480009FED050B10B553EC102B51EC100B02F0C7
:108490002DF841EC100B10BD000000000000001092
:1084A000DFED030AB7EE001A81EE200A70470000E4
:1084B0000000000030EE000A70470000DFED020A05
:1084C00080EEA00A704700000000000010B50446CE
:1084D00091ED000BFFF728FE84ED000A10BD10B5EA
:1084E000044690ED000B0846FFF79AFE84ED000B62
:1084F00010BD30380A2801D2012070470020704793
:108500002DE9F041040006D0184E306884420AD1AB
:108510000020BDE8F081502080F31188BFF34F8F19
:10852000BFF36F8FFEE700F097FE6569776BB66B60
:1085300000F0B2FEBD4201D0B54201D10220E8E711
:108540000B48854208D1A06A0028F7D194F858005A
:108550000128F3D00320DCE705481438854202D017
:108560000DB10120D5E70420D3E70000E40000208E
:10857000141100200000000010B582B01446CDE9AF
:1085800000010023009A2360194B21F0004098421B
:108590002ADA024328D0B0F5801FA8BF226810DA7B
:1085A0009FED150B53EC102B9DED000B51EC100BB8
:1085B00001F09CFFCDE900016FF0350221F0004091
:1085C00022600F4B6FF31E5103EB205010442060CC
:1085D00041F0FF5040F0005001909DED000B00BFB6
:1085E00002B051EC100B10BD9DED000BF8E7000040
:1085F0000000F07F00000000000000000000504379
:1086000002FCFFFF86B0FCF727FDFEF7F3FEFEF746
:1086100007F9FEF7A3F8FEF735F8FEF79DF9FEF728
:10862000F3F9FEF727FAFEF773F8FEF775F9002164
:108630001848FDF7AFFB04211648FDF7ABFB3C21C2
:108640001548FDF7F3F91448002400684462134DFF
:10865000012210212846FCF75EFB0122202128463A
:10866000FCF759FB0B4801684C63006884631422D3
:108670000BA16846F8F771F94FF47A731222694634
:108680000C48FDF7CBFD00F025F8FEF78DF800F063
:1086900033F8FEE7840A0020CC0A002000100240D4
:1086A0004D41494E20555341525432205445535464
:1086B0000D0A0000140B002010B5EFF3058111B175
:1086C0006FF0050403E0002408B100F09DFE204691
:1086D00010BD0000EFF3058010B16FF0050070478A
:1086E0000448016811B14FF0FF307047012101606B
:1086F000002070473401002010B5EFF3058010B161
:108700006FF0050010BD08480168012902D04FF044
:10871000FF3010BD054A002182F8141D02210160BE
:1087200000F05CFF002010BD340100200BE000E0F1
:108730002DE9FF414FEA01034FF00005EFF30581FA
:10874000039549BB40B38027182100244AB316681B
:1087500006B1344696691EB13146761E382E02D2D5
:108760001679F60703D0002004B0BDE8F081566901
:1087700006B1B708D2F808C0BCF1000F0DD0D5681B
:108780005C2D18D312693AB136B18DE806103A461D
:10879000214601F0A4FB03900DE0D6685EB9126992
:1087A0004AB903AACDE90012BAB2214601F06AFB28
:1087B000012800D003950398D6E700002DE9F04189
:1087C000134C0F460546E6682068001D00F092FC39
:1087D000681C07D137B12168BDE8F0410D48091D7B
:1087E00000F02EBD20683544B5424560216805D2B1
:1087F000A06BBDE8F041091D00F00ABD606B091DCA
:1088000000F006FDA06A854200D2A562BDE8F081B5
:10881000E4000020141100202DE9F041054600F08D
:108820001BFD2D4CA068401CA06020682B4F10B190
:10883000606930B32BE02560A068012827D10026AD
:1088400006EB860007EB800000F0D4FC761C382E87
:10885000F6D3234800F0CEFC2148143000F0CAFCC7
:108860001F48283000F0C6FC1D483C3000F0C2FC18
:108870001B48503000F0BEFC194860631430A06300
:1088800005E02068E96AC06A884200D82560606A0D
:10889000401C60626864E86A2169884200D92061EE
:1088A00000EB800007EB8000291D00F0C9FC00F000
:1088B000F3FC606900280CD02068E96AC06A88422D
:1088C00007D208494FF080500860BFF34F8FBFF3C5
:1088D0006F8FBDE8F0810000E4000020640C0020F0
:1088E000C410002004ED00E038B500F0B5FC104CD9
:1088F0002068C8B90F4800F07DFC0E48143000F025
:1089000079FC0C48E060143020610A4B0020F03BF9
:10891000009003F1500210210A2000F099FF20601E
:1089200010B105A100F03AFDBDE8384000F0B4BC3C
:108930002001002018120020546D72510000000028
:1089400030B4026C0B46002A0BD0C1681144C160E0
:108950008468A14201D30168C16030BC1846F7F7B2
:10896000B7BF30BC70472DE9F041856B1746044610
:108970000026026C82B1C7B1E068F7F7A9FFE16891
:10898000206C091AE1602268914202D2A168081A9B
:10899000E060022F16D017E02068A8B9A06801F0A7
:1089A00041FB06460020A0600EE06068F7F790FFEC
:1089B000216C606808446060A168884204D3206824
:1089C000606001E005B16D1E6D1CA5633046BDE819
:1089D000F08110B5044690F8590058B101280CD028
:1089E00002280FD0502080F31188BFF34F8FBFF3C0
:1089F0006F8FFEE7206B00F063FC2046BDE810405F
:108A000000F05EBC10BD000010484FF470514207EA
:108A100006D0C01D0D4920F00700411AC1F5705164
:108A20000B4A00230144C2E900030839183A21F037
:108A3000070111604B600B600B1AC0E900139360D3
:108A40004FF000405360506170470000F81800205C
:108A500050010020144E154CA6F29C474FF0805850
:108A6000DFF84C9012E000BF00F0F6FBF068C5683C
:108A7000281D00F03FFBA068401EA0606068401EFB
:108A8000606000F009FC2846FFF7A3FF606800283B
:108A9000EAD138680128F9D9C9F80080BFF34F8FAF
:108AA000BFF36F8FF2E7000000110020E400002008
:108AB00004ED00E0002807D00021816001600B4632
:108AC0000A46C16000F03CBF7047000070B51D460B
:108AD000049C51B1C4F80020C4E90F0101212046D3
:108AE00000F0EAFE84F84C5070BD2460F4E700000A
:108AF0002DE9F05F8846DDE90B9415468346910029
:108B00009A460A9EA522206BF7F759FF6FF00301E2
:108B1000206B01EB8501084420F00707780707D098
:108B2000502080F31188BFF34F8FBFF36F8FFEE7A4
:108B30000025B8F1000F0FD05FF00000221818F8E0
:108B4000001082F8341018F8001011B1401C1028E1
:108B5000F4D384F8435001E084F83450382E00D325
:108B60003726E662C4E91365201D00F04EFB04F1D0
:108B7000180000F04AFB2461C6F138006462A0616D
:108B8000656584F8585052465946384600F09CFABC
:108B90002060B9F1000F01D0C9F80040BDE8F09F96
:108BA00030B5114900E011460A688242FBD34B6898
:108BB0005C18844203D14068184448600846436802
:108BC0001C18944209D1084C183C2468A24209D0D0
:108BD00052681A4442600A6812680260814200D0FA
:108BE000086030BD0460F9E75001002070B5002432
:108BF00041600B4D0061914206D8D11A82699142C1
:108C000006D2011D286907E09A4203D2994201D396
:108C1000012403E0011DE86800F0FAFA204670BD67
:108C20002001002010B5044600F016FBA06B28B10F
:108C30005FF0000400F030FB204610BD0124F9E78E
:108C40002DE9F0478146086892460C46002600B39D
:108C5000606804F1080540686060A84201D141687D
:108C600061606068D0F80C80606840686060A8420D
:108C700001D141686160606806EBC60109EB8101C2
:108C8000C76853460122384600F0E4FB761C47458E
:108C9000EAD13046BDE8F08730B589B03C4D6EE092
:108CA0000498002806DADDE90601059A9047049841
:108CB000002864DB069C606910B1201D00F01AFAE0
:108CC00003A800F0D7F8024604980A2857D2DFE834
:108CD00000F00505052D334A05052D3394F82800CD
:108CE00040F0010084F828000599A069059B014423
:108CF0002046FFF77BFF68B3216A2046884794F837
:108D0000280040073BD5002000900598A16900236A
:108D100042181946204601F0CBFAD8B9502080F30A
:108D20001188BFF34F8FBFF36F8FFEE714F8280F42
:108D300020F00100207022E094F8280040F00100AB
:108D400084F828000598A06128B1811813462046B0
:108D5000FFF74CFF13E0502080F31188BFF34F8FD3
:108D6000BFF36F8FFEE794F82800810703D42046F5
:108D700000F0A6FA03E020F0010084F828000022A9
:108D800004A9286800F0ECFE002889D109B030BDA4
:108D9000200100202DE9FC410F46054600F062FC51
:108DA00001A800F067F80446019818B101F0EEF947
:108DB000BDE8FC81254EAFB130690068D0B3002713
:108DC000291B3A46306800F0FDFA01F0DFF900286F
:108DD000EED11F494FF080500860BFF34F8FBFF3B3
:108DE0006F8FE5E7A542EBD801F0D0F9F068274690
:108DF000C068C468201D00F07DF994F82800410780
:108E000019D5A0692B4641193A462046FFF7EEFED8
:108E1000A8B100200346014600902A46204601F0F2
:108E200047FA60B9502080F31188BFF34F8FBFF32A
:108E30006F8FFEE707E020F0010084F82800216A28
:108E400020468847B4E70127BAE700002001002048
:108E500004ED00E00648416B096829B1416BC9681F
:108E6000C9684968816270474FF0FF31FAE7000036
:108E7000E400002070B5054601F06AF8064E04468D
:108E8000B068844203D200F009F8012000E000201D
:108E900028602046B46070BD20010020F8B5194D4F
:108EA00020E0C068C4680668201D00F023F9216A2C
:108EB0002046884794F82800400713D5A06930441D
:108EC000B04206D924616060211DE86800F0A0F975
:108ED00008E000200346014600903246204601F09B
:108EE000E7F938B1E86801680029DAD12969C5E9EC
:108EF0000310F8BD502080F31188BFF34F8FBFF3EC
:108F00006F8FFEE720010020002101E0401C491C7A
:108F10000278A52AFAD0C1F38F007047084840684C
:108F2000401C4FF0500080F3118804D0BFF34F8FE6
:108F3000BFF36F8FFEE7BFF34F8FBFF36F8FFEE777
:108F400058010020074CE068016841B1C068002169
:108F5000D0F80000FFF71EFFFFF79EFEF3E70121A8
:108F60000020F7E7200100202DE9F041044600F041
:108F700073F994F9455004F1240609E0606A48B198
:108F8000304601F0CBF808B100F0A6FA6D1E6DB2C4
:108F9000002DF3DC4FF0FF3684F8456000F07CF9DB
:108FA00000F05AF994F9445004F1100709E02069DF
:108FB00048B1384601F0B2F808B100F08DFA6D1EE4
:108FC0006DB2002DF3DC84F84460BDE8F04100F0A0
:108FD00063B900002DE9F0410546002700F042FB8F
:108FE000324E306808B9FFF70FFD706905424ED167
:108FF000C5B3083568070ED005F00700C0F10800BA
:109000000544680707D0502080F31188BFF34F8FC5
:10901000BFF36F8FFEE72DB37068854237D82348C2
:10902000183001460C6801E020460C466168A942F0
:1090300002D221680029F7D131688C4227D0076815
:109040002168016060680837411B10290FD9601939
:10905000420708D0502080F31188BFF34F8FBFF331
:109060006F8FFEE713E041606560FFF799FD61686F
:109070007068401A7060B268904200D2B060706947
:1090800001430020C4E90001F068401CF06001F0D9
:109090007DF8780707D0502080F31188BFF34F8FF9
:1090A000BFF36F8FFEE73846BDE8F081380100203E
:1090B0000449086818B10868026D521C0265086806
:1090C00070470000E400002010B5031F4FF08074CB
:1090D0001C601B1F21F001011960191F044B0B605C
:1090E00014390A60091F6FF0020244380A6010BD8B
:1090F0001D8F0008D0E9013201699A60D0E901238F
:109100005A604A68824201D182684A600022026144
:109110000868401E08600868704700002DE9F047A5
:1091200017460A4605460024382600F09BFADFF869
:109130008C80D8F8080082423AD3DFF88490761EFB
:1091400006EB860104EBC40009EB810105EB80000E
:109150000122FFF775FD0444002EF0D104EBC4009A
:1091600005EB800002224646D8F83410FFF768FD70
:10917000044404EBC40005EB80000222B16BFFF74E
:109180005FFD044404EBC40005EB800004220D499C
:10919000FFF756FD04440B4904EBC40005EB8000C7
:1091A00003221431FFF74CFD04440FB10020386056
:1091B00000F0ECFF2046BDE8F0870000E40000204E
:1091C000640C002000110020034B036003F15C00DD
:1091D000086080201060704740120020044B03603C
:1091E00003F15C0008604FF480701060704700006D
:1091F0009C14002000F108014FF0FF32C0E9011279
:10920000C160016100210160704700210161704768
:1092100030B50B685A1C02D000F1080202E0026966
:1092200004E02246546825689D42FAD953684B6091
:1092300099608A60516008610168491C016030BD15
:1092400042684A6093688B609368596091600861D6
:109250000168491C01607047502080F31188BFF3FA
:109260004F8FBFF36F8F0A494868401C4860012840
:109270000CD10848006810F0FF0F07D0502080F391
:109280001188BFF34F8FBFF36F8FFEE77047000069
:109290005801002004ED00E00849486828B1401E4C
:1092A000486001D180F311887047502080F3118805
:1092B000BFF34F8FBFF36F8FFEE700005801002010
:1092C00070B500282AD0164DA0F1080460686969BD
:1092D000084207D1502080F31188BFF34F8FBFF3AE
:1092E0006F8FFEE722683AB1502080F31188BFF3F8
:1092F0004F8FBFF36F8FFEE78843606000F0B2F9D5
:1093000060686968084468602046FFF749FC28697E
:10931000401C2861BDE8704000F038BF70BD0000FF
:10932000380100204FF0E0200021016181610549F2
:109330004FF47A720968B1FBF2F1491E41610721CD
:1093400001617047E000002010B5F7F707F81149F8
:1093500010280ED300F1E02090F8F0030A78904234
:1093600007D2502080F31188BFF34F8FBFF36F8F68
:10937000FEE709480068896800F4E060884207D980
:10938000502080F31188BFF34F8FBFF36F8FFEE73C
:1093900010BD0000580100200CED00E010B5084B96
:1093A000002200BF53F832401CB1521C082AF9D3E6
:1093B00010BD43F8321003EBC201486010BD00003D
:1093C000240C002070B515460E460446FFF744FFF6
:1093D00094F944100020491C01D184F8440094F908
:1093E0004510491C01D184F84500FFF755FFA06BDB
:1093F00028B92A46314604F1240000F08BF82046B3
:10940000BDE87040FFF7B0BD10B5020014D00F48A2
:10941000006B38B1502080F31188BFF34F8FBFF33A
:109420006F8FFEE700F01EF900211046FFF7C6F926
:1094300000F0ACFE002807D105494FF080500860CD
:10944000BFF34F8FBFF36F8F10BD0000E40000200B
:1094500004ED00E02DE9F0410C461A491646B0B182
:109460004FEA000505F13400C4E90050E86A2061C4
:10947000286BE061686CA0600027E86CC4E9050710
:10948000052B12D00868854203D1277311E00D68BF
:10949000E8E72373032B0CD100F0E4F8A86A08B1C5
:1094A0000220207300F072FE03E02846FFF728F840
:1094B00020732EB1286BFFF727FD2084BDE8F081D3
:1094C0002784FBE7E400002002490A6A0260C968B9
:1094D00041607047E400002001490120C8617047E5
:1094E000E400002010B50C4650B109490968183154
:1094F000FFF78EFE2046BDE810400121FFF75EB960
:10950000502080F31188BFF34F8FBFF36F8FFEE7BA
:10951000E400002070B514460D4668B10A49096898
:109520001831FFF78DFE0CB14FF0FF35214628466C
:10953000BDE87040FFF742B9502080F31188BFF3B7
:109540004F8FBFF36F8FFEE7E400002070B504007B
:109550003ED0226DA2B1E06C884200D30146E06AA1
:10956000884235D0012A33D11A4D2A6894420FD14E
:10957000502080F31188BFF34F8FBFF36F8FFEE74A
:10958000502080F31188BFF34F8FBFF36F8FFEE73A
:10959000E162A269002A02DBC1F13801A1610E4E2D
:1095A00000EB8000616906EB8000814210D1201D34
:1095B000FFF7A0FDE06A2969884200D9286100EB25
:1095C000800006EB8000211DBDE87040FFF738BE2B
:1095D00070BD0000E4000020640C002030B587B0AE
:1095E0000024039405AA04A903A80494FFF7ECFD42
:1095F000DDE903010094CDE90110002315A117480E
:10960000059A00F06CFC164D0028E8621FD000F0AF
:109610001FFE012809D0401C19D1502080F3118869
:10962000BFF34F8FBFF36F8FFEE7502080F3118899
:10963000BFF34F8FBFF36F8F4FF0FF30A862012051
:109640006861EC6007B0BDE8304000F045B807B095
:1096500030BD000049444C4500000000558A000818
:10966000E40000200248016B491C016370470000C0
:10967000E4000020164810B5016B11B10121C16151
:1096800010BD0021C1610169124A01E0B9B1491E52
:1096900001EB810352F82330002BF7D001EB81035B
:1096A00002EB830202F1080453685B685360A34233
:1096B00001D15B685360DA680260016110BD50201F
:1096C00080F31188BFF34F8FBFF36F8FFEE7000069
:1096D000E4000020640C00201CB537480168374ABC
:1096E000914207D1502080F31188BFF34F8FBFF311
:1096F0006F8FFEE700683149491E884207D150202C
:1097000080F31188BFF34F8FBFF36F8FFEE72C49B3
:1097100008780190FF20087008788DF800009DF807
:1097200000009DF8002000F0F000904207D050208B
:1097300080F31188BFF34F8FBFF36F8FFEE79DF863
:109740000000204C00F0500020700720A06005E0D1
:109750009DF8002052008DF80020401E9DF800204A
:109760001206F5D4A060032807D0502080F311889A
:10977000BFF34F8FBFF36F8FFEE74FF44070A060D1
:10978000019808700C482030016841F470010160B4
:10979000016841F070410160FFF7C4FD0020606086
:1097A000F6F7A4FD0848016841F040410160F6F772
:1097B00089FD00201CBD000000ED00E071C20F41DA
:1097C00000E400E05801002034EF00E010B5502024
:1097D00080F31188BFF34F8FBFF36F8F00F0BEFB94
:1097E00018B104494FF080500860002080F31188C0
:1097F00010BD000004ED00E010B50246002101207C
:1098000000F005F80446FFF755F9204610BDF8B5FD
:1098100017460E46050013D005FB06F05030FFF743
:10982000D9FB04000AD0002084F8460004F150025D
:109830003B46314628460094FFF748F92046F8BDDC
:10984000502080F31188BFF34F8FBFF36F8FFEE777
:1098500038B5049D18B153B1CAB181B120E0502090
:1098600080F31188BFF34F8FBFF36F8FFEE7502057
:1098700080F31188BFF34F8FBFF36F8FFEE7502047
:1098800080F31188BFF34F8FBFF36F8FFEE739B1BD
:10989000502080F31188BFF34F8FBFF36F8FFEE727
:1098A00050241C46012384F846302B460094FFF7D1
:1098B0000DF9204638BD000070B50D46040025D0D6
:1098C000FFF7CAFCD4E90F20216802FB0011A16058
:1098D0000021A163216861600A46D4E90F01401E9E
:1098E00000FB0121E16021464FF0FF3001F8440FF9
:1098F000487004F110008DB1FFF77CFC04F12400E6
:10990000FFF778FCFFF7C8FC012070BD502080F302
:109910001188BFF34F8FBFF36F8FFEE721690029D6
:10992000F0D000F0FBFB0028ECD004494FF0805051
:109930000860BFF34F8FBFF36F8FE3E704ED00E0E4
:109940002DE9FF4782B01D468A464FF0000804000B
:1099500003D0BAF1000F08D011E0502080F3118835
:10996000BFF34F8FBFF36F8FFEE7206C38B15020ED
:1099700080F31188BFF34F8FBFF36F8FFEE7022D87
:109980000AD1E06B012807D0502080F31188BFF383
:109990004F8FBFF36F8FFEE700F0CCFA3F4F4FF0D1
:1099A00000094FF0805648B9049838B1502080F330
:1099B0001188BFF34F8FBFF36F8FFEE7FFF74CFCAB
:1099C000A06BE16B884207D3022D05D00498D0B17B
:1099D000B8F1000F1AD01EE02A4651462046FEF785
:1099E000C2FF616A19B104F1240000F097FB20B1B5
:1099F0003E60BFF34F8FBFF36F8FFFF74DFC012029
:109A000006B0BDE8F087FFF747FC22E06846FFF7A5
:109A10005BFD4FF00108FFF73FFCFFF723FEFFF768
:109A20001BFC94F94400401C01D184F8449094F943
:109A30004500401C01D184F84590FFF72DFC04A996
:109A4000684600F0E5F930B12046FFF78DFA00F0E6
:109A50009DFB0020D4E7FFF7FFFBA06BE16B884282
:109A600013D1FFF719FC04F110000499FFF73AFD38
:109A70002046FFF779FA00F089FB00289ED13E606E
:109A8000BFF34F8FBFF36F8F98E7FFF705FC2046BA
:109A9000FFF76AFA00F07AFB90E7000004ED00E0BF
:109AA0002DE9F0471F4690468946040003D0B9F1DE
:109AB000000F08D011E0502080F31188BFF34F8FC2
:109AC000BFF36F8FFEE7206C38B1502080F3118810
:109AD000BFF34F8FBFF36F8FFEE7022F0AD1E06B0A
:109AE000012807D0502080F31188BFF34F8FBFF3B8
:109AF0006F8FFEE7FFF728FC5020EFF3118680F30D
:109B00001188BFF34F8FBFF36F8FA06BE16B88425B
:109B100006D3022F04D0002086F31188BDE8F08719
:109B200094F94550A06B3A4649462046FEF71BFF84
:109B3000681C04D06D1C84F845500120ECE7606A75
:109B40000028FAD004F1240000F0E8FA0028F4D04C
:109B5000B8F1000FF1D00121C8F80010EDE70000C6
:109B60002DE9F747002683B08A46040003D0BAF1F6
:109B7000000F08D011E0502080F31188BFF34F8F01
:109B8000BFF36F8FFEE7206C38B1502080F311884F
:109B9000BFF34F8FBFF36F8FFEE700F0CBF9DFF815
:109BA000F4804FF000094FF0805748B9059838B15C
:109BB000502080F31188BFF34F8FBFF36F8FFEE704
:109BC000FFF74AFBA56BC5B151462046FEF7B8FE2C
:109BD0006D1EA563206950B104F1100000F09EFADB
:109BE00028B1C8F80070BFF34F8FBFF36F8FFFF736
:109BF00053FB012006B0BDE8F087059808B11EB1FF
:109C000006E0FFF749FB27E06846FFF75DFC012609
:109C1000FFF742FBFFF726FDFFF71EFB94F9440018
:109C2000401C01D184F8449094F94500401C01D1B6
:109C300084F84590FFF730FB05A9684600F0E8F886
:109C4000002820460AD0FFF78FF900F09FFA20463F
:109C5000FEF7E8FF0028B3D00020CBE7FEF7E2FFD5
:109C600090B104F124000599FFF73CFC2046FFF772
:109C70007BF900F08BFA0028A2D1C8F80070BFF37E
:109C80004F8FBFF36F8F9BE72046FFF76DF900F012
:109C90007DFA95E704ED00E02DE9F343002683B05B
:109CA0000400354609D0206C78B1502080F311882B
:109CB000BFF34F8FBFF36F8FFEE7502080F3118803
:109CC000BFF34F8FBFF36F8FFEE700F033F9DFF87C
:109CD0003C814FF000094FF0805748B9049838B1E3
:109CE000502080F31188BFF34F8FBFF36F8FFEE7D3
:109CF000FFF7B2FAA06BC8B1401EA063206810B98C
:109D0000FFF7D6F9A060206950B104F1100000F00F
:109D100005FA28B1C8F80070BFF34F8FBFF36F8FFB
:109D2000FFF7BAFA012005B0BDE8F083049808B146
:109D300066B10FE03DB1502080F31188BFF34F8F23
:109D4000BFF36F8FFEE7FFF7A7FA5DE06846FFF706
:109D5000BBFB0126FFF7A0FAFFF784FCFFF77CFAB4
:109D600094F94400401C01D184F8449094F94500D2
:109D7000401C01D184F84590FFF78EFA04A968468B
:109D800000F046F80028204612D0FFF7EDF800F06A
:109D9000FDF92046FEF746FF0028A9D09DB3FFF746
:109DA0005BFA606A50B3206B0068C0F1380126E0AE
:109DB000FEF738FFE0B1206838B9FFF74DFAA06828
:109DC00000F070F90546FFF767FA04F124000499E2
:109DD000FFF788FB2046FFF7C7F800F0D7F9002807
:109DE00086D1C8F80070BFF34F8FBFF36F8F7FE746
:109DF0002046FFF7B9F800F0C9F979E70021A0681B
:109E0000FFF7A4FB9FE7FFE700208CE704ED00E0ED
:109E10002DE9F0410C46050011D0C4B1FFF71CFA42
:109E2000174BDA686E682068911B471C17D02F68A3
:109E30001B6A9F4219D0964217D8012410E0502087
:109E400080F31188BFF34F8FBFF36F8FFEE7502071
:109E500080F31188BFF34F8FBFF36F8FFEE70024AD
:109E6000FFF71AFA2046BDE8F081884205D9401A6A
:109E700020602846FFF728FBF1E700202060DCE7A0
:109E8000E40000202DE9FF5F8346DDE90E87994657
:109E900016468A469000FFF79DF805001CD05C200E
:109EA000FFF798F8040014D00020256384F85900C7
:109EB000CDE90240CDE900874B463246514658462F
:109EC000FEF716FE2046FEF7A7FC012004B0BDE811
:109ED000F09F2846FFF7F4F94FF0FF30F6E7F0B5B2
:109EE00085B0DDE90B640A9DA6B1DCB15C27009763
:109EF0002663022684F85960002604AFCDE90246A5
:109F0000CDE90057FEF7F4FD2046FEF785FC0498E6
:109F100005B0F0BD502080F31188BFF34F8FBFF321
:109F20006F8FFEE7502080F31188BFF34F8FBFF390
:109F30006F8FFEE70548416919B1006B18B1002029
:109F4000704701207047022070470000E4000020A5
:109F50000148C06870470000E40000202DE9F0418E
:109F60002E4C0027206B28B1A069401CA061384608
:109F7000BDE8F081E668761CE66013D1606B00688E
:109F800038B1502080F31188BFF34F8FBFF36F8F2C
:109F9000FEE7606BA16B6163A063206A401C2062D6
:109FA000FEF758FFA06ADFF87880864209D3606B1D
:109FB0000068A0B1606BC068C5686868864211D24D
:109FC000A0622068C06A00EB800158F821000128D7
:109FD00000D90127E0690028C9D00127C7E74FF061
:109FE000FF30EDE7281DFFF785F8A86A18B105F1E5
:109FF0001800FFF77FF8E86A2169884200D92061DC
:10A0000000EB800108EB8100291DFFF719F9E86AD0
:10A010002168C96A8842CAD30127C8E7E400002042
:10A02000640C002070B504004FF0000133D01B4DCC
:10A030002868844207D0502080F31188BFF34F8FE7
:10A04000BFF36F8FFEE7206D38B1401E2065E36CD3
:10A05000E26A9A421FD040B11DE0502080F311887F
:10A06000BFF34F8FBFF36F8FFEE7201DFFF742F85E
:10A07000E06CE062C0F13800A061E06A29698842C2
:10A0800000D92861064900EB800001EB8000211D0A
:10A09000FFF7D6F80121084670BD0000E40000205B
:10A0A000640C002070B504004FF000002BD0194D57
:10A0B000E16A2A68D26A914226D2A069002804DBAC
:10A0C0002868C06AC0F13800A061134E01EB81011D
:10A0D000606906EB8101884211D1201DFFF70AF863
:10A0E0002868C06AE0622969884200D9286100EBCB
:10A0F000800006EB8000211DFFF7A2F802E028682F
:10A10000C06AE062012070BDE16C2A68D26A9142A7
:10A11000F8D370BDE4000020640C002070B5C06866
:10A12000C46854B104F118000646FEF7E3FF144D6D
:10A13000286B50B13146134815E0502080F3118848
:10A14000BFF34F8FBFF36F8FFEE7201DFEF7D2FFE7
:10A15000E06A2969884200D928610B4900EB800038
:10A1600001EB8000211DFFF76BF8E06A2968C96ADE
:10A17000884202D90120E86170BD002070BD000056
:10A18000E4000020EC100020640C00202DE9F047D2
:10A190002C4D00242746286B38B1FFF75DF8286B5B
:10A1A000401E2863286B40B146E0502080F31188A0
:10A1B000BFF34F8FBFF36F8FFEE7A968224E0120D8
:10A1C000D1B3A6F5916980463068E0B1F068C46803
:10A1D00004F11800FEF78EFF201DFEF78BFFE06AEA
:10A1E0002969884200D9286100EB800109EB8100D0
:10A1F000211DFFF725F8E06A2968C96A8842E3D380
:10A20000C5F81C80E0E70CB1FEF724FEAC694CB148
:10A210004FEA0806FFF7A2FE00B1EE61641EF9D115
:10A220000020A861E86938B10849012738070860AB
:10A23000BFF34F8FBFF36F8FFFF72EF83846BDE89F
:10A24000F0870000E4000020EC10002004ED00E0A6
:10A2500010B586B0FEF748FB114C2068B8B100205D
:10A260000390049005AA04A903A8FEF7B7FFDDE94F
:10A27000032102208DE8070000230AA10B48059A5C
:10A28000FFF72DFE606010B106B0012010BD502018
:10A2900080F31188BFF34F8FBFF36F8FFEE700008D
:10A2A00020010020546D722053766300458F000812
:10A2B0002DE9FF411E46134602000A9D4FF00000A3
:10A2C00016D0144C2768002F0FD0CDE9001302924E
:10A2D000062917DAFFF72EFE02284FF000030FD0F1
:10A2E000002269462068FFF72BFB04B0BDE8F0812F
:10A2F000502080F31188BFF34F8FBFF36F8FFEE7BD
:10A300002A46EEE70023324669463846FFF7C8FB87
:10A31000EBE700002001002010B500290AD00878E2
:10A32000002807D005487844F6F79AFB002801D0AA
:10A33000002010BD0248784410BD0000C60C00008B
:10A34000BE0C000010B500290AD00878002807D0FC
:10A3500005487844F6F784FB002801D0002010BDA2
:10A360000248784410BD0000B60C0000AE0C00009E
:10A3700021F00042A2F16052B2F5801F01F00043CB
:10A3800028BFD2F17F6C0BD95FEA001C43EAC202FE
:10A3900042EB507018BF704728BF20F00100704793
:10A3A000B2F5801FBCBF184670474FEA410C1CF540
:10A3B000001F02D2084600F043BA70B500F040F921
:10A3C00000000089FFF7F6BF4FF00040A0F58000C5
:10A3D0007047000002494FF0000000F03BBA00BF98
:10A3E0000000F87F491058BFC1F140415B1058BFD1
:10A3F000C3F140438B42EFF30080704751EA030CF6
:10A4000017D41CF5801F58BFBCF5801F00F10680D3
:10A41000994218BF704708BF9042704707D711F59F
:10A42000801F58BF13F5801F19D499427047894285
:10A4300070471CF5801F08D5BCF5801FF7D58B42EF
:10A4400018BF704708BF824270474FF4001C1CEBD6
:10A45000410F38BF1CEB430F01D28B42704770B5E0
:10A4600000F0EEF8922449004FF000514FF0805375
:10A47000FFF7B8BF51EA030C17D41CF5801F58BF73
:10A48000BCF5801F00F10680994218BF704708BFD5
:10A490009042704707D711F5801F58BF13F5801FF2
:10A4A00019D499427047894270471CF5801F08D51E
:10A4B000BCF5801FF7D58B4218BF704708BF82429A
:10A4C00070474FF4001C1CEB410F38BF1CEB430FCF
:10A4D00001D28B42704770B500F0B2F89224490067
:10A4E0004FF000514FF08053FFF77CBFDFF848C1B9
:10A4F00070B51CEA111E1EBF1CEA13159EEA0C0F54
:10A5000095EA0C0F00F06F8081EA030423EA4C13F4
:10A510004EEAD47E21EA4C1141F4801143F48013B9
:10A52000AE44A1FB024CA0FB0365AEF17F7E361961
:10A5300055EB0C05A1FB034C4CF10003A0FB021CE6
:10A5400016EB0C06654153F10003094218BF46F0B3
:10A55000010613F4007F0BD14FEA03314FEA0530B7
:10A56000340341EA155140EA16506FF003020AE045
:10A570004FEAC3214FEAC520F40241EA555140EAAF
:10A5800056506FF0020202EB2E4201EB025585EAB3
:10A59000CE710AD05FEA440C18BF24F0004450F199
:10A5A000000041F1000120EAD47040F2FE7C6245D7
:10A5B00000D270BDA84214BF4FF080444FF0404419
:10A5C000002E08BF0024BEF1806FA8BFA1F1C041DA
:10A5D000BDE8704080F282804FF0000001F1C04180
:10A5E00001F0004170479EEA0C0F0CEA131518BFEA
:10A5F00095EA0C0F06D04FF0000081EA030E0EF032
:10A60000004170BD00F01CF88900013E00F007B861
:10A6100000F009B84FEA430C5FEA5C5C08D081EABD
:10A62000030100F05BB84FEA410C5FEA5C5CF6D1D5
:10A630004FF00000014970470000FF070000F87F5D
:10A640000EF1020E2EF0030E5EF8046B364205D4B6
:10A65000012A43EB030515F5001F12D8012841EB31
:10A66000010C1CF5001F0CD80ED14FEAD17C15F55A
:10A67000001F0CEB4C0C0CF1020C08BF4CEBD37C14
:10A6800004E04FF0080C01E04FEAD37C0CEB4C05E2
:10A6900026FA05F606F00706B6F1040C06D20EEB14
:10A6A000860CBDE870404CF0010C6047DFE80CF010
:10A6B000090B02024FF000414FF00000A1F500210C
:10A6C00070BD19461046012851EB010418BFD4F59E
:10A6D000001484BF002001F0004170BD0808A0F5FF
:10A6E00000114FEA3101704753EA010C17D41CF5F1
:10A6F000801F58BFBCF5801F00F106808B4218BF39
:10A70000704708BF8242704707D713F5801F58BFB4
:10A7100011F5801F19D48B4270479B4270471CF57E
:10A72000801F08D5BCF5801FF7D5994218BF704728
:10A7300008BF904270474FF4001C1CEB430F38BF1A
:10A740001CEB410F01D2994270470FB40CBC03BC03
:10A75000FFF7C1BE43004FEAD30C4FEA3C0C434025
:10A760001FBF40070CF1605113F0FE4F70471CF003
:10A77000006F03D100200CF0004170470CF0004343
:10A7800043EA507010B540EACC0000F00EF800BF6C
:10A79000000000924FEA0001FFF7A0BF4FF0004118
:10A7A0004FF00000A1F5002170470EF1020E2EF0CF
:10A7B000030E5EF8044B244204D44FEA4102B2F186
:10A7C0007F4F11D84FEA4003B3F17F4F0CD80ED121
:10A7D0004FEAD07CB2F17F4F0CEB4C0C0CF1020C29
:10A7E00008BF4CEBD17C04E04FF0080C01E04FEACD
:10A7F000D17C0CEB4C0324FA03F404F00704B4F10D
:10A80000040C06D20EEB840CBDE810404CF0010C99
:10A810006047DFE80CF0070802024FF00040A0F5A7
:10A82000800010BD0846420018BFD2F1807288BF78
:10A8300000F0004010BD4FF04070E1EE100A70478C
:10A84000FF2141EAD050C00570474FF0000070472B
:10A85000F6F786BA0CF00F03092B08BF082000F0AA
:10A860005F800A2B0BD0082B18BF704708BF1CF065
:10A87000400F0AD04FF000004FF0000170471CF06D
:10A88000400F18BF4FF0004070471CF0100F08D069
:10A8900020F0704300F07F4242EAD3014FEA437058
:10A8A000704700F0604021F07F4242EA000201F070
:10A8B0007F4040EA727070474FF0FF0C4CF4E06C40
:10A8C0001CEA11531CBF9CEA030C9445C2BFDA4238
:10A8D00001EB02517047002B0DD0BCF1000F0FD0DF
:10A8E000002A01F00041A4BF41F0E04141F07F6146
:10A8F0004FF00000704701F000414FF0000070473A
:10A9000050EA01334FF09B0C18BF4CF0806C7FF481
:10A9100061AD7047F6F7BCBCF7F73AB9F7F7C8BABC
:10A920001CF4801F11D01CF4E02F03D06FEACC314F
:10A93000490070474FF04050EFF3008222F0704220
:10A9400042EA000282F3008870474FF0000070472F
:10A950003E5149453E00427F4000426151494621F7
:10A9600041454B311814127F1027454545393C4A63
:10A9700049493001710905033649494936064949B3
:10A98000291E7E1111117E7F494949363E414141C0
:10A99000227F4141221C7F494949417F0909090120
:10A9A0003E4149497A7F0808087F00417F410020E5
:10A9B00040413F017F081422417F404040407F02D8
:10A9C0000C027F7F0408107F3E4141413E7F090910
:10A9D00009063E4151215E7F0919294646494949E8
:10A9E0003101017F01013F4040403F1F2040201FB7
:10A9F0003F4038403F63140814630708700807613C
:10AA00005149454390AF00080000000000000000DD
:10AA10000000000000000000000800002800000006
:10AA2000000000000000000084AF000800000000EB
:10AA3000000000000000000000000000000800000E
:10AA400018000000000000000000000078AF0008BF
:10AA500000000000000000000000000000000000F6
:10AA6000000C0000180000000000000000000000C2
:10AA70009CAF000800000000000000000000000083
:10AA80000000000000080000280000000000000096
:10AA900000000000A8AF0008000000000000000057
:10AAA0000000000000000000000800000800000096
:10AAB0000000000000000000B4AF0008000000002B
:10AAC0000000000000000000000000000004000082
:10AAD0001800000000000000000000000006101632
:10AAE0000006101600000000000000000102030430
:10AAF0000607080900000000010203043031323368
:10AB000034353637383941424344454640305800A1
:10AB100030313233343536373839616263646566D3
:10AB2000403078000400000800000000000000022F
:10AB30000001000010000000000000000030F13DA6
:10AB40000070643E0000A33E0090CF3E0090F83EAF
:10AB500000400F3F00E0203F0000000015B78337A2
:10AB6000CDE37B380EE1C53860F69138AF5F0F3822
:10AB7000E1BC3E3823F4473902400000000000A049
:10AB80000000000005400000000000C800000000B8
:10AB90000C4000000000409C000000001940000034
:10ABA0000020BCBE0000000034400000BFC91B8E66
:10ABB00000000004B5400000504BCFD06607E2CF44
:10ABC000010000006C4100003E8251AADFEEA73474
:10ABD00001000000D9420000DCB5A0E23A301F9726
:10ABE000FFFFFFFFB4450000FD25A0C8E9A3C14F4A
:10ABF000FFFFFFFFFF3F000000000080000000009B
:10AC0000FF3F00000000008000000000414443308E
:10AC10003D25752020252E336656202043757272FF
:10AC2000656E743D252E3366410D0A414443313D26
:10AC300025752020252E33665620204275733D252C
:10AC40002E3266560D0A414443323D25752020259B
:10AC50002E33665620204E54433D252E31666B4FD1
:10AC6000686D0D0A54656D703D252E3166432020B8
:10AC700046696C74657265643D252E3166432020FB
:10AC800053746174653D25730D0A2D2D2D2D2D2DC9
:10AC90002D2D2D2D2D2D2D2D2D2D2D2D2D2D2D2DE4
:10ACA0002D2D2D2D2D2D2D2D0D0A00000D0A3D3D94
:10ACB0003D3D3D204D4F544F522053544154555328
:10ACC000203D3D3D3D3D0D0A5374617465202020BB
:10ACD0003A2025730D0A54617267657420203A206A
:10ACE000252E31662052504D0D0A41637475616CFA
:10ACF00020203A20252E31662052504D0D0A4375F2
:10AD00007272656E74203A20252E336620410D0A3A
:10AD100054656D70202020203A20252E3166204376
:10AD20000D0A50574D20202020203A2025750D0A6D
:10AD30004661756C742020203A2025730D0A3D3D34
:10AD40003D3D3D3D3D3D3D3D3D3D3D3D3D3D3D3D33
:10AD50003D3D3D3D3D3D0D0A000000000D0A3D3DDD
:10AD60003D3D3D204652454552544F53204350559A
:10AD7000204D4F4E49544F52203D3D3D3D3D0D0A23
:10AD80004E616D65202020202020202020202020C2
:10AD900020202020204350550D0A2D2D2D2D2D2D06
:10ADA0002D2D2D2D2D2D2D2D2D2D2D2D2D2D2D2DD3
:10ADB0002D2D2D2D0D0A00000D0A3D3D3D3D3D2060
:10ADC0004652454552544F53205441534B204D4F0A
:10ADD0004E49544F52203D3D3D3D3D0D0A4E616D63
:10ADE000652020202020202020202020202020201E
:10ADF0002020537461746520205072696F726974E9
:10AE0000792020537461636B467265650D0A2D2DA0
:10AE10002D2D2D2D2D2D2D2D2D2D2D2D2D2D2D2D62
:10AE20002D2D2D2D2D2D2D2D2D2D2D2D2D2D2D2D52
:10AE30002D2D2D2D2D2D2D2D2D2D2D2D2D2D2D0D62
:10AE40000A000000544F54414C2020202020202094
:10AE500020202020202020203130302E3030250DA1
:10AE60000A3D3D3D3D3D3D3D3D3D3D3D3D3D3D3D45
:10AE70003D3D3D3D3D3D3D3D3D3D3D3D3D3D3D3D02
:10AE80003D3D0D0A000000000D0A3D3D3D3D3D20C9
:10AE90004652454552544F5320435055204D4F4E36
:10AEA00049544F52203D3D3D3D3D0D0A4669727368
:10AEB000742073616D706C653A20626173656C69B2
:10AEC0006E6520696E697469616C697A65640D0AE2
:10AED0003D3D3D3D3D3D3D3D3D3D3D3D3D3D3D3DA2
:10AEE0003D3D3D3D3D3D3D3D3D3D3D3D3D3D3D3D92
:10AEF0003D0D0A000D0A3D3D3D3D3D20464C415370
:10AF00004820434F4E464947203D3D3D3D3D0D0ABB
:10AF10004B70202020202020203A20252E32660D44
:10AF20000A4B69202020202020203A20252E32663E
:10AF30000D0A5461726765742020203A20252E3254
:10AF4000662052504D0D0A435243202020202020DD
:10AF50003A2030782530386C580D0A3D3D3D3D3D56
:10AF60003D3D3D3D3D3D3D3D3D3D3D3D3D3D3D3D11
:10AF70003D3D3D0D0A000000436F6D6D5461736BE4
:10AF80000000000053656E736F725461736B0000B4
:10AF90004D6F746F725461736B0000004661756C85
:10AFA000745461736B000000446973706C61795470
:10AFB00061736B004B65795461736B0018B10008C5
:10AFC0000000002064010000C401000830B1000846
:10AFD00064010020F4590000200200080000000075
:10AFE0000000F07FFFFFFFFFFFFFEF7F1C0000006E
:10AFF00043000000F8FFFFFF0C0000000E000000FF
:10B000000F0000002E0000001001000043000000AF
:10B01000F8FFFFFF00404040404040404040414179
:10B02000414141404040404040404040404040401D
:10B0300040404040400502020202020202020202B7
:10B0400002020202022020202020202020202002B4
:10B050000202020202029090909090901010101044
:10B0600010101010101010101010101010101010E0
:10B070000202020202028888888888880808080874
:10B080000808080808080808080808080808080840
:10B090000202020240000000000000000000000068
:10B0A00000000000000000000000000000000000A0
:10B0B0000000000000000000000000000000000090
:10B0C0000000000000000000000000000000000080
:10B0D0000000000000000000000000000000000070
:10B0E0000000000000000000000000000000000060
:10B0F0000000000000000000000000000000000050
:10B10000000000000000000000000000000000003F
:10B110000000000000000000610388A0420A160140
:10B12000181901092A448210037924F41AAA01414A
:040000050800018965
:00000001FF
